day,height,genomic,RU,biolrepeat,VAR00001,foxnull,treated,repetition,VAR00002,expo,treatdaysint,treatgeneint,daygeneint
5,3,foxonull,A,a, ,1,0,1,-1.52,0.218711887,0,0,5
5,3,foxonull,A,a, ,1,0,1, , ,0,0,5
5,3,foxonull,A,a, ,1,0,1, , ,0,0,5
5,2,foxonull,A,a, ,1,0,1, , ,0,0,5
5,2,foxonull,A,a, ,1,0,1, , ,0,0,5
5,2,foxonull,A,a, ,1,0,1, , ,0,0,5
5,2,foxonull,A,a, ,1,0,1, , ,0,0,5
5,2,foxonull,A,a, ,1,0,1, , ,0,0,5
5,2,foxonull,A,a, ,1,0,1, , ,0,0,5
5,2,foxonull,A,a, ,1,0,1, , ,0,0,5
5,2,foxonull,A,a, ,1,0,1, , ,0,0,5
5,2,foxonull,A,a, ,1,0,1, , ,0,0,5
5,2,foxonull,A,a, ,1,0,1, , ,0,0,5
5,2,foxonull,A,a, ,1,0,1, , ,0,0,5
5,1,foxonull,A,a, ,1,0,1, , ,0,0,5
5,1,foxonull,A,a, ,1,0,1, , ,0,0,5
5,3,foxonull,P,a, ,1,1,1, , ,5,1,5
5,3,foxonull,P,a, ,1,1,1, , ,5,1,5
5,2,foxonull,P,a, ,1,1,1, , ,5,1,5
5,2,foxonull,P,a, ,1,1,1, , ,5,1,5
5,2,foxonull,P,a, ,1,1,1, , ,5,1,5
5,2,foxonull,P,a, ,1,1,1, , ,5,1,5
5,2,foxonull,P,a, ,1,1,1, , ,5,1,5
5,2,foxonull,P,a, ,1,1,1, , ,5,1,5
5,2,foxonull,P,a, ,1,1,1, , ,5,1,5
5,2,foxonull,P,a, ,1,1,1, , ,5,1,5
5,2,foxonull,P,a, ,1,1,1, , ,5,1,5
5,2,foxonull,P,a, ,1,1,1, , ,5,1,5
5,2,foxonull,P,a, ,1,1,1, , ,5,1,5
5,1,foxonull,P,a, ,1,1,1, , ,5,1,5
5,1,foxonull,P,a, ,1,1,1, , ,5,1,5
5,3,wt,A,a, ,0,0,1, , ,0,0,0
5,3,wt,A,a, ,0,0,1, , ,0,0,0
5,3,wt,A,a, ,0,0,1, , ,0,0,0
5,3,wt,A,a, ,0,0,1, , ,0,0,0
5,3,wt,A,a, ,0,0,1, , ,0,0,0
5,2,wt,A,a, ,0,0,1, , ,0,0,0
5,2,wt,A,a, ,0,0,1, , ,0,0,0
5,2,wt,A,a, ,0,0,1, , ,0,0,0
5,2,wt,A,a, ,0,0,1, , ,0,0,0
5,2,wt,A,a, ,0,0,1, , ,0,0,0
5,2,wt,A,a, ,0,0,1, , ,0,0,0
5,2,wt,A,a, ,0,0,1, , ,0,0,0
5,2,wt,A,a, ,0,0,1, , ,0,0,0
5,3,wt,P,a, ,0,1,1, , ,5,0,0
5,3,wt,P,a, ,0,1,1, , ,5,0,0
5,3,wt,P,a, ,0,1,1, , ,5,0,0
5,3,wt,P,a, ,0,1,1, , ,5,0,0
5,3,wt,P,a, ,0,1,1, , ,5,0,0
5,3,wt,P,a, ,0,1,1, , ,5,0,0
5,2,wt,P,a, ,0,1,1, , ,5,0,0
5,2,wt,P,a, ,0,1,1, , ,5,0,0
5,2,wt,P,a, ,0,1,1, , ,5,0,0
5,2,wt,P,a, ,0,1,1, , ,5,0,0
5,2,wt,P,a, ,0,1,1, , ,5,0,0
5,2,wt,P,a, ,0,1,1, , ,5,0,0
5,2,wt,P,a, ,0,1,1, , ,5,0,0
5,2,wt,P,a, ,0,1,1, , ,5,0,0
5,1,wt,P,a, ,0,1,1, , ,5,0,0
7,3,foxonull,A,a, ,1,0,1, , ,0,0,7
7,3,foxonull,A,a, ,1,0,1, , ,0,0,7
7,3,foxonull,A,a, ,1,0,1, , ,0,0,7
7,3,foxonull,A,a, ,1,0,1, , ,0,0,7
7,2,foxonull,A,a, ,1,0,1, , ,0,0,7
7,2,foxonull,A,a, ,1,0,1, , ,0,0,7
7,2,foxonull,A,a, ,1,0,1, , ,0,0,7
7,2,foxonull,A,a, ,1,0,1, , ,0,0,7
7,1,foxonull,A,a, ,1,0,1, , ,0,0,7
7,1,foxonull,A,a, ,1,0,1, , ,0,0,7
7,1,foxonull,A,a, ,1,0,1, , ,0,0,7
7,1,foxonull,A,a, ,1,0,1, , ,0,0,7
7,1,foxonull,A,a, ,1,0,1, , ,0,0,7
7,1,foxonull,A,a, ,1,0,1, , ,0,0,7
7,3,foxonull,P,a, ,1,1,1, , ,7,1,7
7,3,foxonull,P,a, ,1,1,1, , ,7,1,7
7,3,foxonull,P,a, ,1,1,1, , ,7,1,7
7,3,foxonull,P,a, ,1,1,1, , ,7,1,7
7,3,foxonull,P,a, ,1,1,1, , ,7,1,7
7,3,foxonull,P,a, ,1,1,1, , ,7,1,7
7,3,foxonull,P,a, ,1,1,1, , ,7,1,7
7,2,foxonull,P,a, ,1,1,1, , ,7,1,7
7,2,foxonull,P,a, ,1,1,1, , ,7,1,7
7,2,foxonull,P,a, ,1,1,1, , ,7,1,7
7,2,foxonull,P,a, ,1,1,1, , ,7,1,7
7,1,foxonull,P,a, ,1,1,1, , ,7,1,7
7,1,foxonull,P,a, ,1,1,1, , ,7,1,7
7,1,foxonull,P,a, ,1,1,1, , ,7,1,7
7,1,foxonull,P,a, ,1,1,1, , ,7,1,7
7,3,wt,A,a, ,0,0,1, , ,0,0,0
7,3,wt,A,a, ,0,0,1, , ,0,0,0
7,3,wt,A,a, ,0,0,1, , ,0,0,0
7,3,wt,A,a, ,0,0,1, , ,0,0,0
7,3,wt,A,a, ,0,0,1, , ,0,0,0
7,3,wt,A,a, ,0,0,1, , ,0,0,0
7,3,wt,A,a, ,0,0,1, , ,0,0,0
7,3,wt,A,a, ,0,0,1, , ,0,0,0
7,3,wt,A,a, ,0,0,1, , ,0,0,0
7,3,wt,A,a, ,0,0,1, , ,0,0,0
7,3,wt,A,a, ,0,0,1, , ,0,0,0
7,3,wt,A,a, ,0,0,1, , ,0,0,0
7,3,wt,A,a, ,0,0,1, , ,0,0,0
7,2,wt,A,a, ,0,0,1, , ,0,0,0
7,2,wt,A,a, ,0,0,1, , ,0,0,0
7,3,wt,P,a, ,0,1,1, , ,7,0,0
7,3,wt,P,a, ,0,1,1, , ,7,0,0
7,3,wt,P,a, ,0,1,1, , ,7,0,0
7,3,wt,P,a, ,0,1,1, , ,7,0,0
7,3,wt,P,a, ,0,1,1, , ,7,0,0
7,3,wt,P,a, ,0,1,1, , ,7,0,0
7,3,wt,P,a, ,0,1,1, , ,7,0,0
7,3,wt,P,a, ,0,1,1, , ,7,0,0
7,3,wt,P,a, ,0,1,1, , ,7,0,0
7,3,wt,P,a, ,0,1,1, , ,7,0,0
7,3,wt,P,a, ,0,1,1, , ,7,0,0
7,3,wt,P,a, ,0,1,1, , ,7,0,0
7,2,wt,P,a, ,0,1,1, , ,7,0,0
7,2,wt,P,a, ,0,1,1, , ,7,0,0
7,2,wt,P,a, ,0,1,1, , ,7,0,0
12,3,foxonull,A,a, ,1,0,1, , ,0,0,12
12,3,foxonull,A,a, ,1,0,1, , ,0,0,12
12,3,foxonull,A,a, ,1,0,1, , ,0,0,12
12,3,foxonull,A,a, ,1,0,1, , ,0,0,12
12,3,foxonull,A,a, ,1,0,1, , ,0,0,12
12,3,foxonull,A,a, ,1,0,1, , ,0,0,12
12,3,foxonull,A,a, ,1,0,1, , ,0,0,12
12,2,foxonull,A,a, ,1,0,1, , ,0,0,12
12,2,foxonull,A,a, ,1,0,1, , ,0,0,12
12,2,foxonull,A,a, ,1,0,1, , ,0,0,12
12,1,foxonull,A,a, ,1,0,1, , ,0,0,12
12,1,foxonull,A,a, ,1,0,1, , ,0,0,12
12,1,foxonull,A,a, ,1,0,1, , ,0,0,12
12,3,foxonull,P,a, ,1,1,1, , ,12,1,12
12,3,foxonull,P,a, ,1,1,1, , ,12,1,12
12,3,foxonull,P,a, ,1,1,1, , ,12,1,12
12,3,foxonull,P,a, ,1,1,1, , ,12,1,12
12,3,foxonull,P,a, ,1,1,1, , ,12,1,12
12,3,foxonull,P,a, ,1,1,1, , ,12,1,12
12,3,foxonull,P,a, ,1,1,1, , ,12,1,12
12,3,foxonull,P,a, ,1,1,1, , ,12,1,12
12,2,foxonull,P,a, ,1,1,1, , ,12,1,12
12,2,foxonull,P,a, ,1,1,1, , ,12,1,12
12,2,foxonull,P,a, ,1,1,1, , ,12,1,12
12,2,foxonull,P,a, ,1,1,1, , ,12,1,12
12,2,foxonull,P,a, ,1,1,1, , ,12,1,12
12,1,foxonull,P,a, ,1,1,1, , ,12,1,12
12,1,foxonull,P,a, ,1,1,1, , ,12,1,12
12,3,wt,A,a, ,0,0,1, , ,0,0,0
12,3,wt,A,a, ,0,0,1, , ,0,0,0
12,3,wt,A,a, ,0,0,1, , ,0,0,0
12,3,wt,A,a, ,0,0,1, , ,0,0,0
12,3,wt,A,a, ,0,0,1, , ,0,0,0
12,3,wt,A,a, ,0,0,1, , ,0,0,0
12,3,wt,A,a, ,0,0,1, , ,0,0,0
12,3,wt,A,a, ,0,0,1, , ,0,0,0
12,3,wt,A,a, ,0,0,1, , ,0,0,0
12,2,wt,A,a, ,0,0,1, , ,0,0,0
12,2,wt,A,a, ,0,0,1, , ,0,0,0
12,2,wt,A,a, ,0,0,1, , ,0,0,0
12,2,wt,A,a, ,0,0,1, , ,0,0,0
12,2,wt,A,a, ,0,0,1, , ,0,0,0
12,3,wt,P,a, ,0,1,1, , ,12,0,0
12,3,wt,P,a, ,0,1,1, , ,12,0,0
12,3,wt,P,a, ,0,1,1, , ,12,0,0
12,3,wt,P,a, ,0,1,1, , ,12,0,0
12,3,wt,P,a, ,0,1,1, , ,12,0,0
12,3,wt,P,a, ,0,1,1, , ,12,0,0
12,3,wt,P,a, ,0,1,1, , ,12,0,0
12,3,wt,P,a, ,0,1,1, , ,12,0,0
12,2,wt,P,a, ,0,1,1, , ,12,0,0
12,2,wt,P,a, ,0,1,1, , ,12,0,0
12,2,wt,P,a, ,0,1,1, , ,12,0,0
12,2,wt,P,a, ,0,1,1, , ,12,0,0
12,2,wt,P,a, ,0,1,1, , ,12,0,0
16,3,foxonull,A,a, ,1,0,1, , ,0,0,16
16,3,foxonull,A,a, ,1,0,1, , ,0,0,16
16,3,foxonull,A,a, ,1,0,1, , ,0,0,16
16,2,foxonull,A,a, ,1,0,1, , ,0,0,16
16,2,foxonull,A,a, ,1,0,1, , ,0,0,16
16,2,foxonull,A,a, ,1,0,1, , ,0,0,16
16,2,foxonull,A,a, ,1,0,1, , ,0,0,16
16,2,foxonull,A,a, ,1,0,1, , ,0,0,16
16,1,foxonull,A,a, ,1,0,1, , ,0,0,16
16,1,foxonull,A,a, ,1,0,1, , ,0,0,16
16,1,foxonull,A,a, ,1,0,1, , ,0,0,16
16,1,foxonull,A,a, ,1,0,1, , ,0,0,16
16,1,foxonull,A,a, ,1,0,1, , ,0,0,16
16,1,foxonull,A,a, ,1,0,1, , ,0,0,16
16,3,foxonull,P,a, ,1,1,1, , ,16,1,16
16,3,foxonull,P,a, ,1,1,1, , ,16,1,16
16,3,foxonull,P,a, ,1,1,1, , ,16,1,16
16,3,foxonull,P,a, ,1,1,1, , ,16,1,16
16,3,foxonull,P,a, ,1,1,1, , ,16,1,16
16,3,foxonull,P,a, ,1,1,1, , ,16,1,16
16,2,foxonull,P,a, ,1,1,1, , ,16,1,16
16,2,foxonull,P,a, ,1,1,1, , ,16,1,16
16,2,foxonull,P,a, ,1,1,1, , ,16,1,16
16,2,foxonull,P,a, ,1,1,1, , ,16,1,16
16,2,foxonull,P,a, ,1,1,1, , ,16,1,16
16,1,foxonull,P,a, ,1,1,1, , ,16,1,16
16,1,foxonull,P,a, ,1,1,1, , ,16,1,16
16,1,foxonull,P,a, ,1,1,1, , ,16,1,16
16,1,foxonull,P,a, ,1,1,1, , ,16,1,16
16,3,wt,A,a, ,0,0,1, , ,0,0,0
16,3,wt,A,a, ,0,0,1, , ,0,0,0
16,3,wt,A,a, ,0,0,1, , ,0,0,0
16,3,wt,A,a, ,0,0,1, , ,0,0,0
16,3,wt,A,a, ,0,0,1, , ,0,0,0
16,3,wt,A,a, ,0,0,1, , ,0,0,0
16,3,wt,A,a, ,0,0,1, , ,0,0,0
16,3,wt,A,a, ,0,0,1, , ,0,0,0
16,3,wt,A,a, ,0,0,1, , ,0,0,0
16,3,wt,A,a, ,0,0,1, , ,0,0,0
16,3,wt,A,a, ,0,0,1, , ,0,0,0
16,2,wt,A,a, ,0,0,1, , ,0,0,0
16,2,wt,A,a, ,0,0,1, , ,0,0,0
16,2,wt,A,a, ,0,0,1, , ,0,0,0
16,1,wt,A,a, ,0,0,1, , ,0,0,0
16,3,wt,P,a, ,0,1,1, , ,16,0,0
16,3,wt,P,a, ,0,1,1, , ,16,0,0
16,3,wt,P,a, ,0,1,1, , ,16,0,0
16,3,wt,P,a, ,0,1,1, , ,16,0,0
16,3,wt,P,a, ,0,1,1, , ,16,0,0
16,3,wt,P,a, ,0,1,1, , ,16,0,0
16,3,wt,P,a, ,0,1,1, , ,16,0,0
16,3,wt,P,a, ,0,1,1, , ,16,0,0
16,3,wt,P,a, ,0,1,1, , ,16,0,0
16,3,wt,P,a, ,0,1,1, , ,16,0,0
16,3,wt,P,a, ,0,1,1, , ,16,0,0
16,3,wt,P,a, ,0,1,1, , ,16,0,0
16,2,wt,P,a, ,0,1,1, , ,16,0,0
16,2,wt,P,a, ,0,1,1, , ,16,0,0
16,1,wt,P,a, ,0,1,1, , ,16,0,0
21,3,foxonull,A,a, ,1,0,1, , ,0,0,21
21,3,foxonull,A,a, ,1,0,1, , ,0,0,21
21,3,foxonull,A,a, ,1,0,1, , ,0,0,21
21,3,foxonull,A,a, ,1,0,1, , ,0,0,21
21,2,foxonull,A,a, ,1,0,1, , ,0,0,21
21,2,foxonull,A,a, ,1,0,1, , ,0,0,21
21,2,foxonull,A,a, ,1,0,1, , ,0,0,21
21,2,foxonull,A,a, ,1,0,1, , ,0,0,21
21,1,foxonull,A,a, ,1,0,1, , ,0,0,21
21,1,foxonull,A,a, ,1,0,1, , ,0,0,21
21,1,foxonull,A,a, ,1,0,1, , ,0,0,21
21,1,foxonull,A,a, ,1,0,1, , ,0,0,21
21,1,foxonull,A,a, ,1,0,1, , ,0,0,21
21,1,foxonull,A,a, ,1,0,1, , ,0,0,21
21,3,foxonull,P,a, ,1,1,1, , ,21,1,21
21,3,foxonull,P,a, ,1,1,1, , ,21,1,21
21,3,foxonull,P,a, ,1,1,1, , ,21,1,21
21,3,foxonull,P,a, ,1,1,1, , ,21,1,21
21,3,foxonull,P,a, ,1,1,1, , ,21,1,21
21,3,foxonull,P,a, ,1,1,1, , ,21,1,21
21,3,foxonull,P,a, ,1,1,1, , ,21,1,21
21,2,foxonull,P,a, ,1,1,1, , ,21,1,21
21,2,foxonull,P,a, ,1,1,1, , ,21,1,21
21,2,foxonull,P,a, ,1,1,1, , ,21,1,21
21,2,foxonull,P,a, ,1,1,1, , ,21,1,21
21,2,foxonull,P,a, ,1,1,1, , ,21,1,21
21,1,foxonull,P,a, ,1,1,1, , ,21,1,21
21,1,foxonull,P,a, ,1,1,1, , ,21,1,21
21,1,foxonull,P,a, ,1,1,1, , ,21,1,21
21,3,wt,A,a, ,0,0,1, , ,0,0,0
21,3,wt,A,a, ,0,0,1, , ,0,0,0
21,3,wt,A,a, ,0,0,1, , ,0,0,0
21,3,wt,A,a, ,0,0,1, , ,0,0,0
21,3,wt,A,a, ,0,0,1, , ,0,0,0
21,3,wt,A,a, ,0,0,1, , ,0,0,0
21,3,wt,A,a, ,0,0,1, , ,0,0,0
21,3,wt,A,a, ,0,0,1, , ,0,0,0
21,3,wt,A,a, ,0,0,1, , ,0,0,0
21,3,wt,A,a, ,0,0,1, , ,0,0,0
21,2,wt,A,a, ,0,0,1, , ,0,0,0
21,2,wt,A,a, ,0,0,1, , ,0,0,0
21,1,wt,A,a, ,0,0,1, , ,0,0,0
21,1,wt,A,a, ,0,0,1, , ,0,0,0
21,1,wt,A,a, ,0,0,1, , ,0,0,0
21,3,wt,P,a, ,0,1,1, , ,21,0,0
21,3,wt,P,a, ,0,1,1, , ,21,0,0
21,3,wt,P,a, ,0,1,1, , ,21,0,0
21,3,wt,P,a, ,0,1,1, , ,21,0,0
21,3,wt,P,a, ,0,1,1, , ,21,0,0
21,3,wt,P,a, ,0,1,1, , ,21,0,0
21,3,wt,P,a, ,0,1,1, , ,21,0,0
21,3,wt,P,a, ,0,1,1, , ,21,0,0
21,3,wt,P,a, ,0,1,1, , ,21,0,0
21,3,wt,P,a, ,0,1,1, , ,21,0,0
21,3,wt,P,a, ,0,1,1, , ,21,0,0
21,3,wt,P,a, ,0,1,1, , ,21,0,0
21,2,wt,P,a, ,0,1,1, , ,21,0,0
21,2,wt,P,a, ,0,1,1, , ,21,0,0
21,1,wt,P,a, ,0,1,1, , ,21,0,0
26,3,foxonull,A,a, ,1,0,1, , ,0,0,26
26,3,foxonull,A,a, ,1,0,1, , ,0,0,26
26,3,foxonull,A,a, ,1,0,1, , ,0,0,26
26,2,foxonull,A,a, ,1,0,1, , ,0,0,26
26,2,foxonull,A,a, ,1,0,1, , ,0,0,26
26,1,foxonull,A,a, ,1,0,1, , ,0,0,26
26,1,foxonull,A,a, ,1,0,1, , ,0,0,26
26,1,foxonull,A,a, ,1,0,1, , ,0,0,26
26,1,foxonull,A,a, ,1,0,1, , ,0,0,26
26,1,foxonull,A,a, ,1,0,1, , ,0,0,26
26,1,foxonull,A,a, ,1,0,1, , ,0,0,26
26,1,foxonull,A,a, ,1,0,1, , ,0,0,26
26,3,foxonull,P,a, ,1,1,1, , ,26,1,26
26,3,foxonull,P,a, ,1,1,1, , ,26,1,26
26,3,foxonull,P,a, ,1,1,1, , ,26,1,26
26,3,foxonull,P,a, ,1,1,1, , ,26,1,26
26,3,foxonull,P,a, ,1,1,1, , ,26,1,26
26,3,foxonull,P,a, ,1,1,1, , ,26,1,26
26,3,foxonull,P,a, ,1,1,1, , ,26,1,26
26,2,foxonull,P,a, ,1,1,1, , ,26,1,26
26,2,foxonull,P,a, ,1,1,1, , ,26,1,26
26,1,foxonull,P,a, ,1,1,1, , ,26,1,26
26,1,foxonull,P,a, ,1,1,1, , ,26,1,26
26,1,foxonull,P,a, ,1,1,1, , ,26,1,26
26,1,foxonull,P,a, ,1,1,1, , ,26,1,26
26,1,foxonull,P,a, ,1,1,1, , ,26,1,26
26,3,wt,A,a, ,0,0,1, , ,0,0,0
26,3,wt,A,a, ,0,0,1, , ,0,0,0
26,3,wt,A,a, ,0,0,1, , ,0,0,0
26,3,wt,A,a, ,0,0,1, , ,0,0,0
26,3,wt,A,a, ,0,0,1, , ,0,0,0
26,3,wt,A,a, ,0,0,1, , ,0,0,0
26,3,wt,A,a, ,0,0,1, , ,0,0,0
26,2,wt,A,a, ,0,0,1, , ,0,0,0
26,2,wt,A,a, ,0,0,1, , ,0,0,0
26,2,wt,A,a, ,0,0,1, , ,0,0,0
26,2,wt,A,a, ,0,0,1, , ,0,0,0
26,2,wt,A,a, ,0,0,1, , ,0,0,0
26,1,wt,A,a, ,0,0,1, , ,0,0,0
26,1,wt,A,a, ,0,0,1, , ,0,0,0
26,1,wt,A,a, ,0,0,1, , ,0,0,0
26,3,wt,P,a, ,0,1,1, , ,26,0,0
26,3,wt,P,a, ,0,1,1, , ,26,0,0
26,3,wt,P,a, ,0,1,1, , ,26,0,0
26,3,wt,P,a, ,0,1,1, , ,26,0,0
26,3,wt,P,a, ,0,1,1, , ,26,0,0
26,3,wt,P,a, ,0,1,1, , ,26,0,0
26,3,wt,P,a, ,0,1,1, , ,26,0,0
26,3,wt,P,a, ,0,1,1, , ,26,0,0
26,3,wt,P,a, ,0,1,1, , ,26,0,0
26,2,wt,P,a, ,0,1,1, , ,26,0,0
26,2,wt,P,a, ,0,1,1, , ,26,0,0
26,1,wt,P,a, ,0,1,1, , ,26,0,0
26,1,wt,P,a, ,0,1,1, , ,26,0,0
26,1,wt,P,a, ,0,1,1, , ,26,0,0
30,3,foxonull,A,a, ,1,0,1, , ,0,0,30
30,3,foxonull,A,a, ,1,0,1, , ,0,0,30
30,2,foxonull,A,a, ,1,0,1, , ,0,0,30
30,2,foxonull,A,a, ,1,0,1, , ,0,0,30
30,2,foxonull,A,a, ,1,0,1, , ,0,0,30
30,1,foxonull,A,a, ,1,0,1, , ,0,0,30
30,1,foxonull,A,a, ,1,0,1, , ,0,0,30
30,1,foxonull,A,a, ,1,0,1, , ,0,0,30
30,1,foxonull,A,a, ,1,0,1, , ,0,0,30
30,1,foxonull,A,a, ,1,0,1, , ,0,0,30
30,1,foxonull,A,a, ,1,0,1, , ,0,0,30
30,1,foxonull,A,a, ,1,0,1, , ,0,0,30
30,3,foxonull,P,a, ,1,1,1, , ,30,1,30
30,3,foxonull,P,a, ,1,1,1, , ,30,1,30
30,2,foxonull,P,a, ,1,1,1, , ,30,1,30
30,2,foxonull,P,a, ,1,1,1, , ,30,1,30
30,2,foxonull,P,a, ,1,1,1, , ,30,1,30
30,2,foxonull,P,a, ,1,1,1, , ,30,1,30
30,2,foxonull,P,a, ,1,1,1, , ,30,1,30
30,2,foxonull,P,a, ,1,1,1, , ,30,1,30
30,1,foxonull,P,a, ,1,1,1, , ,30,1,30
30,1,foxonull,P,a, ,1,1,1, , ,30,1,30
30,1,foxonull,P,a, ,1,1,1, , ,30,1,30
30,1,foxonull,P,a, ,1,1,1, , ,30,1,30
30,3,wt,A,a, ,0,0,1, , ,0,0,0
30,3,wt,A,a, ,0,0,1, , ,0,0,0
30,3,wt,A,a, ,0,0,1, , ,0,0,0
30,3,wt,A,a, ,0,0,1, , ,0,0,0
30,3,wt,A,a, ,0,0,1, , ,0,0,0
30,3,wt,A,a, ,0,0,1, , ,0,0,0
30,2,wt,A,a, ,0,0,1, , ,0,0,0
30,2,wt,A,a, ,0,0,1, , ,0,0,0
30,2,wt,A,a, ,0,0,1, , ,0,0,0
30,2,wt,A,a, ,0,0,1, , ,0,0,0
30,2,wt,A,a, ,0,0,1, , ,0,0,0
30,2,wt,A,a, ,0,0,1, , ,0,0,0
30,1,wt,A,a, ,0,0,1, , ,0,0,0
30,1,wt,A,a, ,0,0,1, , ,0,0,0
30,1,wt,A,a, ,0,0,1, , ,0,0,0
30,3,wt,P,a, ,0,1,1, , ,30,0,0
30,3,wt,P,a, ,0,1,1, , ,30,0,0
30,3,wt,P,a, ,0,1,1, , ,30,0,0
30,3,wt,P,a, ,0,1,1, , ,30,0,0
30,3,wt,P,a, ,0,1,1, , ,30,0,0
30,3,wt,P,a, ,0,1,1, , ,30,0,0
30,3,wt,P,a, ,0,1,1, , ,30,0,0
30,2,wt,P,a, ,0,1,1, , ,30,0,0
30,2,wt,P,a, ,0,1,1, , ,30,0,0
30,2,wt,P,a, ,0,1,1, , ,30,0,0
30,2,wt,P,a, ,0,1,1, , ,30,0,0
30,2,wt,P,a, ,0,1,1, , ,30,0,0
30,1,wt,P,a, ,0,1,1, , ,30,0,0
33,3,foxonull,A,a, ,1,0,1, , ,0,0,33
33,2,foxonull,A,a, ,1,0,1, , ,0,0,33
33,2,foxonull,A,a, ,1,0,1, , ,0,0,33
33,1,foxonull,A,a, ,1,0,1, , ,0,0,33
33,1,foxonull,A,a, ,1,0,1, , ,0,0,33
33,1,foxonull,A,a, ,1,0,1, , ,0,0,33
33,1,foxonull,A,a, ,1,0,1, , ,0,0,33
33,1,foxonull,A,a, ,1,0,1, , ,0,0,33
33,1,foxonull,A,a, ,1,0,1, , ,0,0,33
33,1,foxonull,A,a, ,1,0,1, , ,0,0,33
33,1,foxonull,A,a, ,1,0,1, , ,0,0,33
33,1,foxonull,A,a, ,1,0,1, , ,0,0,33
33,3,foxonull,P,a, ,1,1,1, , ,33,1,33
33,3,foxonull,P,a, ,1,1,1, , ,33,1,33
33,2,foxonull,P,a, ,1,1,1, , ,33,1,33
33,2,foxonull,P,a, ,1,1,1, , ,33,1,33
33,2,foxonull,P,a, ,1,1,1, , ,33,1,33
33,1,foxonull,P,a, ,1,1,1, , ,33,1,33
33,1,foxonull,P,a, ,1,1,1, , ,33,1,33
33,1,foxonull,P,a, ,1,1,1, , ,33,1,33
33,1,foxonull,P,a, ,1,1,1, , ,33,1,33
33,1,foxonull,P,a, ,1,1,1, , ,33,1,33
33,1,foxonull,P,a, ,1,1,1, , ,33,1,33
33,1,foxonull,P,a, ,1,1,1, , ,33,1,33
33,3,wt,A,a, ,0,0,1, , ,0,0,0
33,3,wt,A,a, ,0,0,1, , ,0,0,0
33,3,wt,A,a, ,0,0,1, , ,0,0,0
33,3,wt,A,a, ,0,0,1, , ,0,0,0
33,3,wt,A,a, ,0,0,1, , ,0,0,0
33,3,wt,A,a, ,0,0,1, , ,0,0,0
33,3,wt,A,a, ,0,0,1, , ,0,0,0
33,3,wt,A,a, ,0,0,1, , ,0,0,0
33,3,wt,A,a, ,0,0,1, , ,0,0,0
33,2,wt,A,a, ,0,0,1, , ,0,0,0
33,2,wt,A,a, ,0,0,1, , ,0,0,0
33,2,wt,A,a, ,0,0,1, , ,0,0,0
33,1,wt,A,a, ,0,0,1, , ,0,0,0
33,1,wt,A,a, ,0,0,1, , ,0,0,0
33,1,wt,A,a, ,0,0,1, , ,0,0,0
33,3,wt,P,a, ,0,1,1, , ,33,0,0
33,3,wt,P,a, ,0,1,1, , ,33,0,0
33,3,wt,P,a, ,0,1,1, , ,33,0,0
33,2,wt,P,a, ,0,1,1, , ,33,0,0
33,2,wt,P,a, ,0,1,1, , ,33,0,0
33,2,wt,P,a, ,0,1,1, , ,33,0,0
33,2,wt,P,a, ,0,1,1, , ,33,0,0
33,2,wt,P,a, ,0,1,1, , ,33,0,0
33,2,wt,P,a, ,0,1,1, , ,33,0,0
33,1,wt,P,a, ,0,1,1, , ,33,0,0
33,1,wt,P,a, ,0,1,1, , ,33,0,0
33,1,wt,P,a, ,0,1,1, , ,33,0,0
35,3,foxonull,A,a, ,1,0,1, , ,0,0,35
35,2,foxonull,A,a, ,1,0,1, , ,0,0,35
35,1,foxonull,A,a, ,1,0,1, , ,0,0,35
35,1,foxonull,A,a, ,1,0,1, , ,0,0,35
35,1,foxonull,A,a, ,1,0,1, , ,0,0,35
35,1,foxonull,A,a, ,1,0,1, , ,0,0,35
35,1,foxonull,A,a, ,1,0,1, , ,0,0,35
35,1,foxonull,A,a, ,1,0,1, , ,0,0,35
35,1,foxonull,A,a, ,1,0,1, , ,0,0,35
35,1,foxonull,A,a, ,1,0,1, , ,0,0,35
35,1,foxonull,A,a, ,1,0,1, , ,0,0,35
35,3,foxonull,P,a, ,1,1,1, , ,35,1,35
35,3,foxonull,P,a, ,1,1,1, , ,35,1,35
35,2,foxonull,P,a, ,1,1,1, , ,35,1,35
35,2,foxonull,P,a, ,1,1,1, , ,35,1,35
35,2,foxonull,P,a, ,1,1,1, , ,35,1,35
35,2,foxonull,P,a, ,1,1,1, , ,35,1,35
35,1,foxonull,P,a, ,1,1,1, , ,35,1,35
35,1,foxonull,P,a, ,1,1,1, , ,35,1,35
35,1,foxonull,P,a, ,1,1,1, , ,35,1,35
35,1,foxonull,P,a, ,1,1,1, , ,35,1,35
35,1,foxonull,P,a, ,1,1,1, , ,35,1,35
35,1,foxonull,P,a, ,1,1,1, , ,35,1,35
35,1,foxonull,P,a, ,1,1,1, , ,35,1,35
35,3,wt,A,a, ,0,0,1, , ,0,0,0
35,3,wt,A,a, ,0,0,1, , ,0,0,0
35,3,wt,A,a, ,0,0,1, , ,0,0,0
35,3,wt,A,a, ,0,0,1, , ,0,0,0
35,3,wt,A,a, ,0,0,1, , ,0,0,0
35,3,wt,A,a, ,0,0,1, , ,0,0,0
35,3,wt,A,a, ,0,0,1, , ,0,0,0
35,3,wt,A,a, ,0,0,1, , ,0,0,0
35,2,wt,A,a, ,0,0,1, , ,0,0,0
35,2,wt,A,a, ,0,0,1, , ,0,0,0
35,2,wt,A,a, ,0,0,1, , ,0,0,0
35,1,wt,A,a, ,0,0,1, , ,0,0,0
35,1,wt,A,a, ,0,0,1, , ,0,0,0
35,1,wt,A,a, ,0,0,1, , ,0,0,0
35,1,wt,A,a, ,0,0,1, , ,0,0,0
35,3,wt,P,a, ,0,1,1, , ,35,0,0
35,3,wt,P,a, ,0,1,1, , ,35,0,0
35,3,wt,P,a, ,0,1,1, , ,35,0,0
35,3,wt,P,a, ,0,1,1, , ,35,0,0
35,3,wt,P,a, ,0,1,1, , ,35,0,0
35,3,wt,P,a, ,0,1,1, , ,35,0,0
35,3,wt,P,a, ,0,1,1, , ,35,0,0
35,3,wt,P,a, ,0,1,1, , ,35,0,0
35,1,wt,P,a, ,0,1,1, , ,35,0,0
35,1,wt,P,a, ,0,1,1, , ,35,0,0
35,1,wt,P,a, ,0,1,1, , ,35,0,0
35,1,wt,P,a, ,0,1,1, , ,35,0,0
37,3,foxonull,A,a, ,1,0,1, , ,0,0,37
37,3,foxonull,A,a, ,1,0,1, , ,0,0,37
37,1,foxonull,A,a, ,1,0,1, , ,0,0,37
37,1,foxonull,A,a, ,1,0,1, , ,0,0,37
37,1,foxonull,A,a, ,1,0,1, , ,0,0,37
37,1,foxonull,A,a, ,1,0,1, , ,0,0,37
37,1,foxonull,A,a, ,1,0,1, , ,0,0,37
37,1,foxonull,A,a, ,1,0,1, , ,0,0,37
37,1,foxonull,A,a, ,1,0,1, , ,0,0,37
37,1,foxonull,A,a, ,1,0,1, , ,0,0,37
37,1,foxonull,A,a, ,1,0,1, , ,0,0,37
37,1,foxonull,A,a, ,1,0,1, , ,0,0,37
37,3,foxonull,P,a, ,1,1,1, , ,37,1,37
37,3,foxonull,P,a, ,1,1,1, , ,37,1,37
37,3,foxonull,P,a, ,1,1,1, , ,37,1,37
37,2,foxonull,P,a, ,1,1,1, , ,37,1,37
37,2,foxonull,P,a, ,1,1,1, , ,37,1,37
37,2,foxonull,P,a, ,1,1,1, , ,37,1,37
37,1,foxonull,P,a, ,1,1,1, , ,37,1,37
37,1,foxonull,P,a, ,1,1,1, , ,37,1,37
37,1,foxonull,P,a, ,1,1,1, , ,37,1,37
37,1,foxonull,P,a, ,1,1,1, , ,37,1,37
37,1,foxonull,P,a, ,1,1,1, , ,37,1,37
37,1,foxonull,P,a, ,1,1,1, , ,37,1,37
37,1,foxonull,P,a, ,1,1,1, , ,37,1,37
37,1,foxonull,P,a, ,1,1,1, , ,37,1,37
37,3,wt,A,a, ,0,0,1, , ,0,0,0
37,3,wt,A,a, ,0,0,1, , ,0,0,0
37,3,wt,A,a, ,0,0,1, , ,0,0,0
37,3,wt,A,a, ,0,0,1, , ,0,0,0
37,3,wt,A,a, ,0,0,1, , ,0,0,0
37,3,wt,A,a, ,0,0,1, , ,0,0,0
37,3,wt,A,a, ,0,0,1, , ,0,0,0
37,2,wt,A,a, ,0,0,1, , ,0,0,0
37,2,wt,A,a, ,0,0,1, , ,0,0,0
37,2,wt,A,a, ,0,0,1, , ,0,0,0
37,2,wt,A,a, ,0,0,1, , ,0,0,0
37,1,wt,A,a, ,0,0,1, , ,0,0,0
37,1,wt,A,a, ,0,0,1, , ,0,0,0
37,1,wt,A,a, ,0,0,1, , ,0,0,0
37,1,wt,A,a, ,0,0,1, , ,0,0,0
37,3,wt,P,a, ,0,1,1, , ,37,0,0
37,3,wt,P,a, ,0,1,1, , ,37,0,0
37,3,wt,P,a, ,0,1,1, , ,37,0,0
37,3,wt,P,a, ,0,1,1, , ,37,0,0
37,3,wt,P,a, ,0,1,1, , ,37,0,0
37,3,wt,P,a, ,0,1,1, , ,37,0,0
37,2,wt,P,a, ,0,1,1, , ,37,0,0
37,2,wt,P,a, ,0,1,1, , ,37,0,0
37,2,wt,P,a, ,0,1,1, , ,37,0,0
37,2,wt,P,a, ,0,1,1, , ,37,0,0
37,1,wt,P,a, ,0,1,1, , ,37,0,0
37,1,wt,P,a, ,0,1,1, , ,37,0,0
40,3,foxonull,A,a, ,1,0,1, , ,0,0,40
40,3,foxonull,A,a, ,1,0,1, , ,0,0,40
40,2,foxonull,A,a, ,1,0,1, , ,0,0,40
40,1,foxonull,A,a, ,1,0,1, , ,0,0,40
40,1,foxonull,A,a, ,1,0,1, , ,0,0,40
40,1,foxonull,A,a, ,1,0,1, , ,0,0,40
40,1,foxonull,A,a, ,1,0,1, , ,0,0,40
40,1,foxonull,A,a, ,1,0,1, , ,0,0,40
40,1,foxonull,A,a, ,1,0,1, , ,0,0,40
40,1,foxonull,A,a, ,1,0,1, , ,0,0,40
40,1,foxonull,A,a, ,1,0,1, , ,0,0,40
40,1,foxonull,A,a, ,1,0,1, , ,0,0,40
40,2,foxonull,P,a, ,1,1,1, , ,40,1,40
40,2,foxonull,P,a, ,1,1,1, , ,40,1,40
40,2,foxonull,P,a, ,1,1,1, , ,40,1,40
40,1,foxonull,P,a, ,1,1,1, , ,40,1,40
40,1,foxonull,P,a, ,1,1,1, , ,40,1,40
40,1,foxonull,P,a, ,1,1,1, , ,40,1,40
40,1,foxonull,P,a, ,1,1,1, , ,40,1,40
40,1,foxonull,P,a, ,1,1,1, , ,40,1,40
40,1,foxonull,P,a, ,1,1,1, , ,40,1,40
40,1,foxonull,P,a, ,1,1,1, , ,40,1,40
40,1,foxonull,P,a, ,1,1,1, , ,40,1,40
40,1,foxonull,P,a, ,1,1,1, , ,40,1,40
40,3,wt,A,a, ,0,0,1, , ,0,0,0
40,3,wt,A,a, ,0,0,1, , ,0,0,0
40,3,wt,A,a, ,0,0,1, , ,0,0,0
40,3,wt,A,a, ,0,0,1, , ,0,0,0
40,3,wt,A,a, ,0,0,1, , ,0,0,0
40,3,wt,A,a, ,0,0,1, , ,0,0,0
40,3,wt,A,a, ,0,0,1, , ,0,0,0
40,3,wt,A,a, ,0,0,1, , ,0,0,0
40,2,wt,A,a, ,0,0,1, , ,0,0,0
40,2,wt,A,a, ,0,0,1, , ,0,0,0
40,1,wt,A,a, ,0,0,1, , ,0,0,0
40,1,wt,A,a, ,0,0,1, , ,0,0,0
40,1,wt,A,a, ,0,0,1, , ,0,0,0
40,1,wt,A,a, ,0,0,1, , ,0,0,0
40,1,wt,A,a, ,0,0,1, , ,0,0,0
40,3,wt,P,a, ,0,1,1, , ,40,0,0
40,3,wt,P,a, ,0,1,1, , ,40,0,0
40,3,wt,P,a, ,0,1,1, , ,40,0,0
40,3,wt,P,a, ,0,1,1, , ,40,0,0
40,3,wt,P,a, ,0,1,1, , ,40,0,0
40,3,wt,P,a, ,0,1,1, , ,40,0,0
40,3,wt,P,a, ,0,1,1, , ,40,0,0
40,2,wt,P,a, ,0,1,1, , ,40,0,0
40,1,wt,P,a, ,0,1,1, , ,40,0,0
40,1,wt,P,a, ,0,1,1, , ,40,0,0
40,1,wt,P,a, ,0,1,1, , ,40,0,0
40,1,wt,P,a, ,0,1,1, , ,40,0,0
44,3,foxonull,A,a, ,1,0,1, , ,0,0,44
44,1,foxonull,A,a, ,1,0,1, , ,0,0,44
44,1,foxonull,A,a, ,1,0,1, , ,0,0,44
44,1,foxonull,A,a, ,1,0,1, , ,0,0,44
44,1,foxonull,A,a, ,1,0,1, , ,0,0,44
44,1,foxonull,A,a, ,1,0,1, , ,0,0,44
44,1,foxonull,A,a, ,1,0,1, , ,0,0,44
44,1,foxonull,A,a, ,1,0,1, , ,0,0,44
44,1,foxonull,A,a, ,1,0,1, , ,0,0,44
44,1,foxonull,A,a, ,1,0,1, , ,0,0,44
44,3,foxonull,P,a, ,1,1,1, , ,44,1,44
44,2,foxonull,P,a, ,1,1,1, , ,44,1,44
44,2,foxonull,P,a, ,1,1,1, , ,44,1,44
44,1,foxonull,P,a, ,1,1,1, , ,44,1,44
44,1,foxonull,P,a, ,1,1,1, , ,44,1,44
44,1,foxonull,P,a, ,1,1,1, , ,44,1,44
44,1,foxonull,P,a, ,1,1,1, , ,44,1,44
44,1,foxonull,P,a, ,1,1,1, , ,44,1,44
44,1,foxonull,P,a, ,1,1,1, , ,44,1,44
44,1,foxonull,P,a, ,1,1,1, , ,44,1,44
44,1,foxonull,P,a, ,1,1,1, , ,44,1,44
44,3,wt,A,a, ,0,0,1, , ,0,0,0
44,3,wt,A,a, ,0,0,1, , ,0,0,0
44,3,wt,A,a, ,0,0,1, , ,0,0,0
44,3,wt,A,a, ,0,0,1, , ,0,0,0
44,3,wt,A,a, ,0,0,1, , ,0,0,0
44,2,wt,A,a, ,0,0,1, , ,0,0,0
44,2,wt,A,a, ,0,0,1, , ,0,0,0
44,2,wt,A,a, ,0,0,1, , ,0,0,0
44,1,wt,A,a, ,0,0,1, , ,0,0,0
44,1,wt,A,a, ,0,0,1, , ,0,0,0
44,1,wt,A,a, ,0,0,1, , ,0,0,0
44,1,wt,A,a, ,0,0,1, , ,0,0,0
44,1,wt,A,a, ,0,0,1, , ,0,0,0
44,1,wt,A,a, ,0,0,1, , ,0,0,0
44,1,wt,A,a, ,0,0,1, , ,0,0,0
44,3,wt,P,a, ,0,1,1, , ,44,0,0
44,3,wt,P,a, ,0,1,1, , ,44,0,0
44,3,wt,P,a, ,0,1,1, , ,44,0,0
44,3,wt,P,a, ,0,1,1, , ,44,0,0
44,3,wt,P,a, ,0,1,1, , ,44,0,0
44,2,wt,P,a, ,0,1,1, , ,44,0,0
44,2,wt,P,a, ,0,1,1, , ,44,0,0
44,1,wt,P,a, ,0,1,1, , ,44,0,0
44,1,wt,P,a, ,0,1,1, , ,44,0,0
44,1,wt,P,a, ,0,1,1, , ,44,0,0
44,1,wt,P,a, ,0,1,1, , ,44,0,0
44,1,wt,P,a, ,0,1,1, , ,44,0,0
47,3,foxonull,A,a, ,1,0,1, , ,0,0,47
47,2,foxonull,A,a, ,1,0,1, , ,0,0,47
47,1,foxonull,A,a, ,1,0,1, , ,0,0,47
47,1,foxonull,A,a, ,1,0,1, , ,0,0,47
47,1,foxonull,A,a, ,1,0,1, , ,0,0,47
47,1,foxonull,A,a, ,1,0,1, , ,0,0,47
47,1,foxonull,A,a, ,1,0,1, , ,0,0,47
47,1,foxonull,A,a, ,1,0,1, , ,0,0,47
47,2,foxonull,P,a, ,1,1,1, , ,47,1,47
47,1,foxonull,P,a, ,1,1,1, , ,47,1,47
47,1,foxonull,P,a, ,1,1,1, , ,47,1,47
47,1,foxonull,P,a, ,1,1,1, , ,47,1,47
47,1,foxonull,P,a, ,1,1,1, , ,47,1,47
47,1,foxonull,P,a, ,1,1,1, , ,47,1,47
47,1,foxonull,P,a, ,1,1,1, , ,47,1,47
47,1,foxonull,P,a, ,1,1,1, , ,47,1,47
47,1,foxonull,P,a, ,1,1,1, , ,47,1,47
47,1,foxonull,P,a, ,1,1,1, , ,47,1,47
47,3,wt,A,a, ,0,0,1, , ,0,0,0
47,3,wt,A,a, ,0,0,1, , ,0,0,0
47,2,wt,A,a, ,0,0,1, , ,0,0,0
47,2,wt,A,a, ,0,0,1, , ,0,0,0
47,2,wt,A,a, ,0,0,1, , ,0,0,0
47,2,wt,A,a, ,0,0,1, , ,0,0,0
47,2,wt,A,a, ,0,0,1, , ,0,0,0
47,1,wt,A,a, ,0,0,1, , ,0,0,0
47,1,wt,A,a, ,0,0,1, , ,0,0,0
47,1,wt,A,a, ,0,0,1, , ,0,0,0
47,1,wt,A,a, ,0,0,1, , ,0,0,0
47,1,wt,A,a, ,0,0,1, , ,0,0,0
47,1,wt,A,a, ,0,0,1, , ,0,0,0
47,1,wt,A,a, ,0,0,1, , ,0,0,0
47,1,wt,A,a, ,0,0,1, , ,0,0,0
47,3,wt,P,a, ,0,1,1, , ,47,0,0
47,3,wt,P,a, ,0,1,1, , ,47,0,0
47,2,wt,P,a, ,0,1,1, , ,47,0,0
47,2,wt,P,a, ,0,1,1, , ,47,0,0
47,2,wt,P,a, ,0,1,1, , ,47,0,0
47,1,wt,P,a, ,0,1,1, , ,47,0,0
47,1,wt,P,a, ,0,1,1, , ,47,0,0
47,1,wt,P,a, ,0,1,1, , ,47,0,0
47,1,wt,P,a, ,0,1,1, , ,47,0,0
47,1,wt,P,a, ,0,1,1, , ,47,0,0
47,1,wt,P,a, ,0,1,1, , ,47,0,0
47,1,wt,P,a, ,0,1,1, , ,47,0,0
5,3,foxonull,A,b, ,1,0,2, , ,0,0,5
5,3,foxonull,A,b, ,1,0,2, , ,0,0,5
5,2,foxonull,A,b, ,1,0,2, , ,0,0,5
5,2,foxonull,A,b, ,1,0,2, , ,0,0,5
5,2,foxonull,A,b, ,1,0,2, , ,0,0,5
5,2,foxonull,A,b, ,1,0,2, , ,0,0,5
5,2,foxonull,A,b, ,1,0,2, , ,0,0,5
5,2,foxonull,A,b, ,1,0,2, , ,0,0,5
5,2,foxonull,A,b, ,1,0,2, , ,0,0,5
5,2,foxonull,A,b, ,1,0,2, , ,0,0,5
5,2,foxonull,A,b, ,1,0,2, , ,0,0,5
5,2,foxonull,A,b, ,1,0,2, , ,0,0,5
5,1,foxonull,A,b, ,1,0,2, , ,0,0,5
5,1,foxonull,A,b, ,1,0,2, , ,0,0,5
5,3,foxonull,P,b, ,1,1,2, , ,5,1,5
5,3,foxonull,P,b, ,1,1,2, , ,5,1,5
5,3,foxonull,P,b, ,1,1,2, , ,5,1,5
5,2,foxonull,P,b, ,1,1,2, , ,5,1,5
5,2,foxonull,P,b, ,1,1,2, , ,5,1,5
5,2,foxonull,P,b, ,1,1,2, , ,5,1,5
5,2,foxonull,P,b, ,1,1,2, , ,5,1,5
5,2,foxonull,P,b, ,1,1,2, , ,5,1,5
5,2,foxonull,P,b, ,1,1,2, , ,5,1,5
5,2,foxonull,P,b, ,1,1,2, , ,5,1,5
5,2,foxonull,P,b, ,1,1,2, , ,5,1,5
5,2,foxonull,P,b, ,1,1,2, , ,5,1,5
5,2,foxonull,P,b, ,1,1,2, , ,5,1,5
5,1,foxonull,P,b, ,1,1,2, , ,5,1,5
5,1,foxonull,P,b, ,1,1,2, , ,5,1,5
5,3,wt,A,b, ,0,0,2, , ,0,0,0
5,3,wt,A,b, ,0,0,2, , ,0,0,0
5,3,wt,A,b, ,0,0,2, , ,0,0,0
5,3,wt,A,b, ,0,0,2, , ,0,0,0
5,3,wt,A,b, ,0,0,2, , ,0,0,0
5,3,wt,A,b, ,0,0,2, , ,0,0,0
5,3,wt,A,b, ,0,0,2, , ,0,0,0
5,3,wt,A,b, ,0,0,2, , ,0,0,0
5,3,wt,A,b, ,0,0,2, , ,0,0,0
5,2,wt,A,b, ,0,0,2, , ,0,0,0
5,2,wt,A,b, ,0,0,2, , ,0,0,0
5,2,wt,A,b, ,0,0,2, , ,0,0,0
5,2,wt,A,b, ,0,0,2, , ,0,0,0
5,2,wt,A,b, ,0,0,2, , ,0,0,0
5,2,wt,A,b, ,0,0,2, , ,0,0,0
5,3,wt,P,b, ,0,1,2, , ,5,0,0
5,3,wt,P,b, ,0,1,2, , ,5,0,0
5,3,wt,P,b, ,0,1,2, , ,5,0,0
5,3,wt,P,b, ,0,1,2, , ,5,0,0
5,3,wt,P,b, ,0,1,2, , ,5,0,0
5,3,wt,P,b, ,0,1,2, , ,5,0,0
5,3,wt,P,b, ,0,1,2, , ,5,0,0
5,3,wt,P,b, ,0,1,2, , ,5,0,0
5,3,wt,P,b, ,0,1,2, , ,5,0,0
5,2,wt,P,b, ,0,1,2, , ,5,0,0
5,2,wt,P,b, ,0,1,2, , ,5,0,0
5,2,wt,P,b, ,0,1,2, , ,5,0,0
5,2,wt,P,b, ,0,1,2, , ,5,0,0
5,2,wt,P,b, ,0,1,2, , ,5,0,0
7,3,foxonull,A,b, ,1,0,2, , ,0,0,7
7,3,foxonull,A,b, ,1,0,2, , ,0,0,7
7,3,foxonull,A,b, ,1,0,2, , ,0,0,7
7,3,foxonull,A,b, ,1,0,2, , ,0,0,7
7,2,foxonull,A,b, ,1,0,2, , ,0,0,7
7,2,foxonull,A,b, ,1,0,2, , ,0,0,7
7,2,foxonull,A,b, ,1,0,2, , ,0,0,7
7,2,foxonull,A,b, ,1,0,2, , ,0,0,7
7,2,foxonull,A,b, ,1,0,2, , ,0,0,7
7,1,foxonull,A,b, ,1,0,2, , ,0,0,7
7,1,foxonull,A,b, ,1,0,2, , ,0,0,7
7,1,foxonull,A,b, ,1,0,2, , ,0,0,7
7,1,foxonull,A,b, ,1,0,2, , ,0,0,7
7,1,foxonull,A,b, ,1,0,2, , ,0,0,7
7,1,foxonull,A,b, ,1,0,2, , ,0,0,7
7,3,foxonull,P,b, ,1,1,2, , ,7,1,7
7,3,foxonull,P,b, ,1,1,2, , ,7,1,7
7,3,foxonull,P,b, ,1,1,2, , ,7,1,7
7,3,foxonull,P,b, ,1,1,2, , ,7,1,7
7,3,foxonull,P,b, ,1,1,2, , ,7,1,7
7,3,foxonull,P,b, ,1,1,2, , ,7,1,7
7,2,foxonull,P,b, ,1,1,2, , ,7,1,7
7,2,foxonull,P,b, ,1,1,2, , ,7,1,7
7,2,foxonull,P,b, ,1,1,2, , ,7,1,7
7,2,foxonull,P,b, ,1,1,2, , ,7,1,7
7,1,foxonull,P,b, ,1,1,2, , ,7,1,7
7,1,foxonull,P,b, ,1,1,2, , ,7,1,7
7,1,foxonull,P,b, ,1,1,2, , ,7,1,7
7,1,foxonull,P,b, ,1,1,2, , ,7,1,7
7,3,wt,A,b, ,0,0,2, , ,0,0,0
7,3,wt,A,b, ,0,0,2, , ,0,0,0
7,3,wt,A,b, ,0,0,2, , ,0,0,0
7,3,wt,A,b, ,0,0,2, , ,0,0,0
7,3,wt,A,b, ,0,0,2, , ,0,0,0
7,3,wt,A,b, ,0,0,2, , ,0,0,0
7,3,wt,A,b, ,0,0,2, , ,0,0,0
7,3,wt,A,b, ,0,0,2, , ,0,0,0
7,3,wt,A,b, ,0,0,2, , ,0,0,0
7,2,wt,A,b, ,0,0,2, , ,0,0,0
7,2,wt,A,b, ,0,0,2, , ,0,0,0
7,2,wt,A,b, ,0,0,2, , ,0,0,0
7,2,wt,A,b, ,0,0,2, , ,0,0,0
7,2,wt,A,b, ,0,0,2, , ,0,0,0
7,1,wt,A,b, ,0,0,2, , ,0,0,0
7,3,wt,P,b, ,0,1,2, , ,7,0,0
7,3,wt,P,b, ,0,1,2, , ,7,0,0
7,3,wt,P,b, ,0,1,2, , ,7,0,0
7,3,wt,P,b, ,0,1,2, , ,7,0,0
7,3,wt,P,b, ,0,1,2, , ,7,0,0
7,3,wt,P,b, ,0,1,2, , ,7,0,0
7,3,wt,P,b, ,0,1,2, , ,7,0,0
7,3,wt,P,b, ,0,1,2, , ,7,0,0
7,3,wt,P,b, ,0,1,2, , ,7,0,0
7,3,wt,P,b, ,0,1,2, , ,7,0,0
7,2,wt,P,b, ,0,1,2, , ,7,0,0
7,2,wt,P,b, ,0,1,2, , ,7,0,0
7,2,wt,P,b, ,0,1,2, , ,7,0,0
7,2,wt,P,b, ,0,1,2, , ,7,0,0
12,3,foxonull,A,b, ,1,0,2, , ,0,0,12
12,3,foxonull,A,b, ,1,0,2, , ,0,0,12
12,3,foxonull,A,b, ,1,0,2, , ,0,0,12
12,3,foxonull,A,b, ,1,0,2, , ,0,0,12
12,3,foxonull,A,b, ,1,0,2, , ,0,0,12
12,3,foxonull,A,b, ,1,0,2, , ,0,0,12
12,2,foxonull,A,b, ,1,0,2, , ,0,0,12
12,2,foxonull,A,b, ,1,0,2, , ,0,0,12
12,2,foxonull,A,b, ,1,0,2, , ,0,0,12
12,2,foxonull,A,b, ,1,0,2, , ,0,0,12
12,1,foxonull,A,b, ,1,0,2, , ,0,0,12
12,1,foxonull,A,b, ,1,0,2, , ,0,0,12
12,1,foxonull,A,b, ,1,0,2, , ,0,0,12
12,1,foxonull,A,b, ,1,0,2, , ,0,0,12
12,3,foxonull,P,b, ,1,1,2, , ,12,1,12
12,3,foxonull,P,b, ,1,1,2, , ,12,1,12
12,3,foxonull,P,b, ,1,1,2, , ,12,1,12
12,3,foxonull,P,b, ,1,1,2, , ,12,1,12
12,3,foxonull,P,b, ,1,1,2, , ,12,1,12
12,3,foxonull,P,b, ,1,1,2, , ,12,1,12
12,3,foxonull,P,b, ,1,1,2, , ,12,1,12
12,3,foxonull,P,b, ,1,1,2, , ,12,1,12
12,2,foxonull,P,b, ,1,1,2, , ,12,1,12
12,2,foxonull,P,b, ,1,1,2, , ,12,1,12
12,2,foxonull,P,b, ,1,1,2, , ,12,1,12
12,2,foxonull,P,b, ,1,1,2, , ,12,1,12
12,1,foxonull,P,b, ,1,1,2, , ,12,1,12
12,1,foxonull,P,b, ,1,1,2, , ,12,1,12
12,1,foxonull,P,b, ,1,1,2, , ,12,1,12
12,1,foxonull,P,b, ,1,1,2, , ,12,1,12
12,3,wt,A,b, ,0,0,2, , ,0,0,0
12,3,wt,A,b, ,0,0,2, , ,0,0,0
12,3,wt,A,b, ,0,0,2, , ,0,0,0
12,3,wt,A,b, ,0,0,2, , ,0,0,0
12,3,wt,A,b, ,0,0,2, , ,0,0,0
12,3,wt,A,b, ,0,0,2, , ,0,0,0
12,3,wt,A,b, ,0,0,2, , ,0,0,0
12,3,wt,A,b, ,0,0,2, , ,0,0,0
12,3,wt,A,b, ,0,0,2, , ,0,0,0
12,2,wt,A,b, ,0,0,2, , ,0,0,0
12,2,wt,A,b, ,0,0,2, , ,0,0,0
12,2,wt,A,b, ,0,0,2, , ,0,0,0
12,2,wt,A,b, ,0,0,2, , ,0,0,0
12,1,wt,A,b, ,0,0,2, , ,0,0,0
12,1,wt,A,b, ,0,0,2, , ,0,0,0
12,3,wt,P,b, ,0,1,2, , ,12,0,0
12,3,wt,P,b, ,0,1,2, , ,12,0,0
12,3,wt,P,b, ,0,1,2, , ,12,0,0
12,3,wt,P,b, ,0,1,2, , ,12,0,0
12,3,wt,P,b, ,0,1,2, , ,12,0,0
12,3,wt,P,b, ,0,1,2, , ,12,0,0
12,3,wt,P,b, ,0,1,2, , ,12,0,0
12,3,wt,P,b, ,0,1,2, , ,12,0,0
12,3,wt,P,b, ,0,1,2, , ,12,0,0
12,3,wt,P,b, ,0,1,2, , ,12,0,0
12,3,wt,P,b, ,0,1,2, , ,12,0,0
12,3,wt,P,b, ,0,1,2, , ,12,0,0
12,2,wt,P,b, ,0,1,2, , ,12,0,0
12,2,wt,P,b, ,0,1,2, , ,12,0,0
12,2,wt,P,b, ,0,1,2, , ,12,0,0
16,3,foxonull,A,b, ,1,0,2, , ,0,0,16
16,3,foxonull,A,b, ,1,0,2, , ,0,0,16
16,3,foxonull,A,b, ,1,0,2, , ,0,0,16
16,3,foxonull,A,b, ,1,0,2, , ,0,0,16
16,2,foxonull,A,b, ,1,0,2, , ,0,0,16
16,2,foxonull,A,b, ,1,0,2, , ,0,0,16
16,2,foxonull,A,b, ,1,0,2, , ,0,0,16
16,2,foxonull,A,b, ,1,0,2, , ,0,0,16
16,2,foxonull,A,b, ,1,0,2, , ,0,0,16
16,1,foxonull,A,b, ,1,0,2, , ,0,0,16
16,1,foxonull,A,b, ,1,0,2, , ,0,0,16
16,1,foxonull,A,b, ,1,0,2, , ,0,0,16
16,1,foxonull,A,b, ,1,0,2, , ,0,0,16
16,1,foxonull,A,b, ,1,0,2, , ,0,0,16
16,1,foxonull,A,b, ,1,0,2, , ,0,0,16
16,3,foxonull,P,b, ,1,1,2, , ,16,1,16
16,3,foxonull,P,b, ,1,1,2, , ,16,1,16
16,3,foxonull,P,b, ,1,1,2, , ,16,1,16
16,3,foxonull,P,b, ,1,1,2, , ,16,1,16
16,2,foxonull,P,b, ,1,1,2, , ,16,1,16
16,2,foxonull,P,b, ,1,1,2, , ,16,1,16
16,2,foxonull,P,b, ,1,1,2, , ,16,1,16
16,2,foxonull,P,b, ,1,1,2, , ,16,1,16
16,2,foxonull,P,b, ,1,1,2, , ,16,1,16
16,2,foxonull,P,b, ,1,1,2, , ,16,1,16
16,1,foxonull,P,b, ,1,1,2, , ,16,1,16
16,1,foxonull,P,b, ,1,1,2, , ,16,1,16
16,1,foxonull,P,b, ,1,1,2, , ,16,1,16
16,1,foxonull,P,b, ,1,1,2, , ,16,1,16
16,1,foxonull,P,b, ,1,1,2, , ,16,1,16
16,3,wt,A,b, ,0,0,2, , ,0,0,0
16,3,wt,A,b, ,0,0,2, , ,0,0,0
16,3,wt,A,b, ,0,0,2, , ,0,0,0
16,3,wt,A,b, ,0,0,2, , ,0,0,0
16,3,wt,A,b, ,0,0,2, , ,0,0,0
16,3,wt,A,b, ,0,0,2, , ,0,0,0
16,3,wt,A,b, ,0,0,2, , ,0,0,0
16,3,wt,A,b, ,0,0,2, , ,0,0,0
16,2,wt,A,b, ,0,0,2, , ,0,0,0
16,2,wt,A,b, ,0,0,2, , ,0,0,0
16,2,wt,A,b, ,0,0,2, , ,0,0,0
16,2,wt,A,b, ,0,0,2, , ,0,0,0
16,2,wt,A,b, ,0,0,2, , ,0,0,0
16,1,wt,A,b, ,0,0,2, , ,0,0,0
16,1,wt,A,b, ,0,0,2, , ,0,0,0
16,3,wt,P,b, ,0,1,2, , ,16,0,0
16,3,wt,P,b, ,0,1,2, , ,16,0,0
16,3,wt,P,b, ,0,1,2, , ,16,0,0
16,3,wt,P,b, ,0,1,2, , ,16,0,0
16,3,wt,P,b, ,0,1,2, , ,16,0,0
16,3,wt,P,b, ,0,1,2, , ,16,0,0
16,3,wt,P,b, ,0,1,2, , ,16,0,0
16,3,wt,P,b, ,0,1,2, , ,16,0,0
16,3,wt,P,b, ,0,1,2, , ,16,0,0
16,3,wt,P,b, ,0,1,2, , ,16,0,0
16,2,wt,P,b, ,0,1,2, , ,16,0,0
16,2,wt,P,b, ,0,1,2, , ,16,0,0
16,1,wt,P,b, ,0,1,2, , ,16,0,0
21,3,foxonull,A,b, ,1,0,2, , ,0,0,21
21,3,foxonull,A,b, ,1,0,2, , ,0,0,21
21,3,foxonull,A,b, ,1,0,2, , ,0,0,21
21,3,foxonull,A,b, ,1,0,2, , ,0,0,21
21,2,foxonull,A,b, ,1,0,2, , ,0,0,21
21,2,foxonull,A,b, ,1,0,2, , ,0,0,21
21,2,foxonull,A,b, ,1,0,2, , ,0,0,21
21,1,foxonull,A,b, ,1,0,2, , ,0,0,21
21,1,foxonull,A,b, ,1,0,2, , ,0,0,21
21,1,foxonull,A,b, ,1,0,2, , ,0,0,21
21,1,foxonull,A,b, ,1,0,2, , ,0,0,21
21,1,foxonull,A,b, ,1,0,2, , ,0,0,21
21,1,foxonull,A,b, ,1,0,2, , ,0,0,21
21,1,foxonull,A,b, ,1,0,2, , ,0,0,21
21,1,foxonull,A,b, ,1,0,2, , ,0,0,21
21,3,foxonull,P,b, ,1,1,2, , ,21,1,21
21,3,foxonull,P,b, ,1,1,2, , ,21,1,21
21,3,foxonull,P,b, ,1,1,2, , ,21,1,21
21,3,foxonull,P,b, ,1,1,2, , ,21,1,21
21,3,foxonull,P,b, ,1,1,2, , ,21,1,21
21,3,foxonull,P,b, ,1,1,2, , ,21,1,21
21,2,foxonull,P,b, ,1,1,2, , ,21,1,21
21,2,foxonull,P,b, ,1,1,2, , ,21,1,21
21,2,foxonull,P,b, ,1,1,2, , ,21,1,21
21,1,foxonull,P,b, ,1,1,2, , ,21,1,21
21,1,foxonull,P,b, ,1,1,2, , ,21,1,21
21,1,foxonull,P,b, ,1,1,2, , ,21,1,21
21,1,foxonull,P,b, ,1,1,2, , ,21,1,21
21,1,foxonull,P,b, ,1,1,2, , ,21,1,21
21,3,wt,A,b, ,0,0,2, , ,0,0,0
21,3,wt,A,b, ,0,0,2, , ,0,0,0
21,3,wt,A,b, ,0,0,2, , ,0,0,0
21,3,wt,A,b, ,0,0,2, , ,0,0,0
21,3,wt,A,b, ,0,0,2, , ,0,0,0
21,3,wt,A,b, ,0,0,2, , ,0,0,0
21,3,wt,A,b, ,0,0,2, , ,0,0,0
21,3,wt,A,b, ,0,0,2, , ,0,0,0
21,3,wt,A,b, ,0,0,2, , ,0,0,0
21,3,wt,A,b, ,0,0,2, , ,0,0,0
21,2,wt,A,b, ,0,0,2, , ,0,0,0
21,2,wt,A,b, ,0,0,2, , ,0,0,0
21,1,wt,A,b, ,0,0,2, , ,0,0,0
21,3,wt,P,b, ,0,1,2, , ,21,0,0
21,3,wt,P,b, ,0,1,2, , ,21,0,0
21,3,wt,P,b, ,0,1,2, , ,21,0,0
21,3,wt,P,b, ,0,1,2, , ,21,0,0
21,3,wt,P,b, ,0,1,2, , ,21,0,0
21,3,wt,P,b, ,0,1,2, , ,21,0,0
21,3,wt,P,b, ,0,1,2, , ,21,0,0
21,3,wt,P,b, ,0,1,2, , ,21,0,0
21,3,wt,P,b, ,0,1,2, , ,21,0,0
21,3,wt,P,b, ,0,1,2, , ,21,0,0
21,2,wt,P,b, ,0,1,2, , ,21,0,0
21,2,wt,P,b, ,0,1,2, , ,21,0,0
21,2,wt,P,b, ,0,1,2, , ,21,0,0
26,3,foxonull,A,b, ,1,0,2, , ,0,0,26
26,3,foxonull,A,b, ,1,0,2, , ,0,0,26
26,2,foxonull,A,b, ,1,0,2, , ,0,0,26
26,2,foxonull,A,b, ,1,0,2, , ,0,0,26
26,2,foxonull,A,b, ,1,0,2, , ,0,0,26
26,1,foxonull,A,b, ,1,0,2, , ,0,0,26
26,1,foxonull,A,b, ,1,0,2, , ,0,0,26
26,1,foxonull,A,b, ,1,0,2, , ,0,0,26
26,1,foxonull,A,b, ,1,0,2, , ,0,0,26
26,1,foxonull,A,b, ,1,0,2, , ,0,0,26
26,1,foxonull,A,b, ,1,0,2, , ,0,0,26
26,1,foxonull,A,b, ,1,0,2, , ,0,0,26
26,1,foxonull,A,b, ,1,0,2, , ,0,0,26
26,1,foxonull,A,b, ,1,0,2, , ,0,0,26
26,1,foxonull,A,b, ,1,0,2, , ,0,0,26
26,3,foxonull,P,b, ,1,1,2, , ,26,1,26
26,3,foxonull,P,b, ,1,1,2, , ,26,1,26
26,3,foxonull,P,b, ,1,1,2, , ,26,1,26
26,3,foxonull,P,b, ,1,1,2, , ,26,1,26
26,3,foxonull,P,b, ,1,1,2, , ,26,1,26
26,3,foxonull,P,b, ,1,1,2, , ,26,1,26
26,3,foxonull,P,b, ,1,1,2, , ,26,1,26
26,3,foxonull,P,b, ,1,1,2, , ,26,1,26
26,3,foxonull,P,b, ,1,1,2, , ,26,1,26
26,3,foxonull,P,b, ,1,1,2, , ,26,1,26
26,1,foxonull,P,b, ,1,1,2, , ,26,1,26
26,1,foxonull,P,b, ,1,1,2, , ,26,1,26
26,1,foxonull,P,b, ,1,1,2, , ,26,1,26
26,1,foxonull,P,b, ,1,1,2, , ,26,1,26
26,3,wt,A,b, ,0,0,2, , ,0,0,0
26,3,wt,A,b, ,0,0,2, , ,0,0,0
26,3,wt,A,b, ,0,0,2, , ,0,0,0
26,3,wt,A,b, ,0,0,2, , ,0,0,0
26,3,wt,A,b, ,0,0,2, , ,0,0,0
26,3,wt,A,b, ,0,0,2, , ,0,0,0
26,3,wt,A,b, ,0,0,2, , ,0,0,0
26,3,wt,A,b, ,0,0,2, , ,0,0,0
26,3,wt,A,b, ,0,0,2, , ,0,0,0
26,3,wt,A,b, ,0,0,2, , ,0,0,0
26,3,wt,A,b, ,0,0,2, , ,0,0,0
26,2,wt,A,b, ,0,0,2, , ,0,0,0
26,2,wt,A,b, ,0,0,2, , ,0,0,0
26,1,wt,A,b, ,0,0,2, , ,0,0,0
26,3,wt,P,b, ,0,1,2, , ,26,0,0
26,3,wt,P,b, ,0,1,2, , ,26,0,0
26,3,wt,P,b, ,0,1,2, , ,26,0,0
26,3,wt,P,b, ,0,1,2, , ,26,0,0
26,3,wt,P,b, ,0,1,2, , ,26,0,0
26,3,wt,P,b, ,0,1,2, , ,26,0,0
26,3,wt,P,b, ,0,1,2, , ,26,0,0
26,3,wt,P,b, ,0,1,2, , ,26,0,0
26,2,wt,P,b, ,0,1,2, , ,26,0,0
26,2,wt,P,b, ,0,1,2, , ,26,0,0
26,1,wt,P,b, ,0,1,2, , ,26,0,0
30,3,foxonull,A,b, ,1,0,2, , ,0,0,30
30,3,foxonull,A,b, ,1,0,2, , ,0,0,30
30,3,foxonull,A,b, ,1,0,2, , ,0,0,30
30,2,foxonull,A,b, ,1,0,2, , ,0,0,30
30,2,foxonull,A,b, ,1,0,2, , ,0,0,30
30,1,foxonull,A,b, ,1,0,2, , ,0,0,30
30,1,foxonull,A,b, ,1,0,2, , ,0,0,30
30,1,foxonull,A,b, ,1,0,2, , ,0,0,30
30,1,foxonull,A,b, ,1,0,2, , ,0,0,30
30,1,foxonull,A,b, ,1,0,2, , ,0,0,30
30,1,foxonull,A,b, ,1,0,2, , ,0,0,30
30,1,foxonull,A,b, ,1,0,2, , ,0,0,30
30,1,foxonull,A,b, ,1,0,2, , ,0,0,30
30,1,foxonull,A,b, ,1,0,2, , ,0,0,30
30,3,foxonull,P,b, ,1,1,2, , ,30,1,30
30,3,foxonull,P,b, ,1,1,2, , ,30,1,30
30,3,foxonull,P,b, ,1,1,2, , ,30,1,30
30,2,foxonull,P,b, ,1,1,2, , ,30,1,30
30,2,foxonull,P,b, ,1,1,2, , ,30,1,30
30,2,foxonull,P,b, ,1,1,2, , ,30,1,30
30,2,foxonull,P,b, ,1,1,2, , ,30,1,30
30,2,foxonull,P,b, ,1,1,2, , ,30,1,30
30,1,foxonull,P,b, ,1,1,2, , ,30,1,30
30,1,foxonull,P,b, ,1,1,2, , ,30,1,30
30,1,foxonull,P,b, ,1,1,2, , ,30,1,30
30,1,foxonull,P,b, ,1,1,2, , ,30,1,30
30,1,foxonull,P,b, ,1,1,2, , ,30,1,30
30,1,foxonull,P,b, ,1,1,2, , ,30,1,30
30,3,wt,A,b, ,0,0,2, , ,0,0,0
30,3,wt,A,b, ,0,0,2, , ,0,0,0
30,3,wt,A,b, ,0,0,2, , ,0,0,0
30,3,wt,A,b, ,0,0,2, , ,0,0,0
30,2,wt,A,b, ,0,0,2, , ,0,0,0
30,2,wt,A,b, ,0,0,2, , ,0,0,0
30,2,wt,A,b, ,0,0,2, , ,0,0,0
30,2,wt,A,b, ,0,0,2, , ,0,0,0
30,2,wt,A,b, ,0,0,2, , ,0,0,0
30,1,wt,A,b, ,0,0,2, , ,0,0,0
30,1,wt,A,b, ,0,0,2, , ,0,0,0
30,1,wt,A,b, ,0,0,2, , ,0,0,0
30,1,wt,A,b, ,0,0,2, , ,0,0,0
30,1,wt,A,b, ,0,0,2, , ,0,0,0
30,3,wt,P,b, ,0,1,2, , ,30,0,0
30,3,wt,P,b, ,0,1,2, , ,30,0,0
30,3,wt,P,b, ,0,1,2, , ,30,0,0
30,3,wt,P,b, ,0,1,2, , ,30,0,0
30,3,wt,P,b, ,0,1,2, , ,30,0,0
30,3,wt,P,b, ,0,1,2, , ,30,0,0
30,3,wt,P,b, ,0,1,2, , ,30,0,0
30,3,wt,P,b, ,0,1,2, , ,30,0,0
30,2,wt,P,b, ,0,1,2, , ,30,0,0
30,2,wt,P,b, ,0,1,2, , ,30,0,0
30,2,wt,P,b, ,0,1,2, , ,30,0,0
30,1,wt,P,b, ,0,1,2, , ,30,0,0
33,2,foxonull,A,b, ,1,0,2, , ,0,0,33
33,2,foxonull,A,b, ,1,0,2, , ,0,0,33
33,1,foxonull,A,b, ,1,0,2, , ,0,0,33
33,1,foxonull,A,b, ,1,0,2, , ,0,0,33
33,1,foxonull,A,b, ,1,0,2, , ,0,0,33
33,1,foxonull,A,b, ,1,0,2, , ,0,0,33
33,1,foxonull,A,b, ,1,0,2, , ,0,0,33
33,1,foxonull,A,b, ,1,0,2, , ,0,0,33
33,1,foxonull,A,b, ,1,0,2, , ,0,0,33
33,1,foxonull,A,b, ,1,0,2, , ,0,0,33
33,1,foxonull,A,b, ,1,0,2, , ,0,0,33
33,1,foxonull,A,b, ,1,0,2, , ,0,0,33
33,1,foxonull,A,b, ,1,0,2, , ,0,0,33
33,3,foxonull,P,b, ,1,1,2, , ,33,1,33
33,3,foxonull,P,b, ,1,1,2, , ,33,1,33
33,2,foxonull,P,b, ,1,1,2, , ,33,1,33
33,2,foxonull,P,b, ,1,1,2, , ,33,1,33
33,1,foxonull,P,b, ,1,1,2, , ,33,1,33
33,1,foxonull,P,b, ,1,1,2, , ,33,1,33
33,1,foxonull,P,b, ,1,1,2, , ,33,1,33
33,1,foxonull,P,b, ,1,1,2, , ,33,1,33
33,1,foxonull,P,b, ,1,1,2, , ,33,1,33
33,1,foxonull,P,b, ,1,1,2, , ,33,1,33
33,1,foxonull,P,b, ,1,1,2, , ,33,1,33
33,1,foxonull,P,b, ,1,1,2, , ,33,1,33
33,1,foxonull,P,b, ,1,1,2, , ,33,1,33
33,1,foxonull,P,b, ,1,1,2, , ,33,1,33
33,3,wt,A,b, ,0,0,2, , ,0,0,0
33,3,wt,A,b, ,0,0,2, , ,0,0,0
33,3,wt,A,b, ,0,0,2, , ,0,0,0
33,3,wt,A,b, ,0,0,2, , ,0,0,0
33,3,wt,A,b, ,0,0,2, , ,0,0,0
33,2,wt,A,b, ,0,0,2, , ,0,0,0
33,2,wt,A,b, ,0,0,2, , ,0,0,0
33,2,wt,A,b, ,0,0,2, , ,0,0,0
33,2,wt,A,b, ,0,0,2, , ,0,0,0
33,1,wt,A,b, ,0,0,2, , ,0,0,0
33,1,wt,A,b, ,0,0,2, , ,0,0,0
33,1,wt,A,b, ,0,0,2, , ,0,0,0
33,1,wt,A,b, ,0,0,2, , ,0,0,0
33,1,wt,A,b, ,0,0,2, , ,0,0,0
33,3,wt,P,b, ,0,1,2, , ,33,0,0
33,3,wt,P,b, ,0,1,2, , ,33,0,0
33,3,wt,P,b, ,0,1,2, , ,33,0,0
33,3,wt,P,b, ,0,1,2, , ,33,0,0
33,3,wt,P,b, ,0,1,2, , ,33,0,0
33,2,wt,P,b, ,0,1,2, , ,33,0,0
33,2,wt,P,b, ,0,1,2, , ,33,0,0
33,2,wt,P,b, ,0,1,2, , ,33,0,0
33,2,wt,P,b, ,0,1,2, , ,33,0,0
33,2,wt,P,b, ,0,1,2, , ,33,0,0
33,2,wt,P,b, ,0,1,2, , ,33,0,0
33,1,wt,P,b, ,0,1,2, , ,33,0,0
35,2,foxonull,A,b, ,1,0,2, , ,0,0,35
35,2,foxonull,A,b, ,1,0,2, , ,0,0,35
35,1,foxonull,A,b, ,1,0,2, , ,0,0,35
35,1,foxonull,A,b, ,1,0,2, , ,0,0,35
35,1,foxonull,A,b, ,1,0,2, , ,0,0,35
35,1,foxonull,A,b, ,1,0,2, , ,0,0,35
35,1,foxonull,A,b, ,1,0,2, , ,0,0,35
35,1,foxonull,A,b, ,1,0,2, , ,0,0,35
35,1,foxonull,A,b, ,1,0,2, , ,0,0,35
35,1,foxonull,A,b, ,1,0,2, , ,0,0,35
35,1,foxonull,A,b, ,1,0,2, , ,0,0,35
35,1,foxonull,A,b, ,1,0,2, , ,0,0,35
35,1,foxonull,A,b, ,1,0,2, , ,0,0,35
35,3,foxonull,P,b, ,1,1,2, , ,35,1,35
35,3,foxonull,P,b, ,1,1,2, , ,35,1,35
35,3,foxonull,P,b, ,1,1,2, , ,35,1,35
35,2,foxonull,P,b, ,1,1,2, , ,35,1,35
35,1,foxonull,P,b, ,1,1,2, , ,35,1,35
35,1,foxonull,P,b, ,1,1,2, , ,35,1,35
35,1,foxonull,P,b, ,1,1,2, , ,35,1,35
35,1,foxonull,P,b, ,1,1,2, , ,35,1,35
35,1,foxonull,P,b, ,1,1,2, , ,35,1,35
35,1,foxonull,P,b, ,1,1,2, , ,35,1,35
35,1,foxonull,P,b, ,1,1,2, , ,35,1,35
35,1,foxonull,P,b, ,1,1,2, , ,35,1,35
35,1,foxonull,P,b, ,1,1,2, , ,35,1,35
35,3,wt,A,b, ,0,0,2, , ,0,0,0
35,3,wt,A,b, ,0,0,2, , ,0,0,0
35,3,wt,A,b, ,0,0,2, , ,0,0,0
35,3,wt,A,b, ,0,0,2, , ,0,0,0
35,3,wt,A,b, ,0,0,2, , ,0,0,0
35,2,wt,A,b, ,0,0,2, , ,0,0,0
35,2,wt,A,b, ,0,0,2, , ,0,0,0
35,2,wt,A,b, ,0,0,2, , ,0,0,0
35,2,wt,A,b, ,0,0,2, , ,0,0,0
35,1,wt,A,b, ,0,0,2, , ,0,0,0
35,1,wt,A,b, ,0,0,2, , ,0,0,0
35,1,wt,A,b, ,0,0,2, , ,0,0,0
35,1,wt,A,b, ,0,0,2, , ,0,0,0
35,1,wt,A,b, ,0,0,2, , ,0,0,0
35,3,wt,P,b, ,0,1,2, , ,35,0,0
35,3,wt,P,b, ,0,1,2, , ,35,0,0
35,3,wt,P,b, ,0,1,2, , ,35,0,0
35,3,wt,P,b, ,0,1,2, , ,35,0,0
35,3,wt,P,b, ,0,1,2, , ,35,0,0
35,3,wt,P,b, ,0,1,2, , ,35,0,0
35,3,wt,P,b, ,0,1,2, , ,35,0,0
35,3,wt,P,b, ,0,1,2, , ,35,0,0
35,3,wt,P,b, ,0,1,2, , ,35,0,0
35,2,wt,P,b, ,0,1,2, , ,35,0,0
35,2,wt,P,b, ,0,1,2, , ,35,0,0
37,2,foxonull,A,b, ,1,0,2, , ,0,0,37
37,1,foxonull,A,b, ,1,0,2, , ,0,0,37
37,1,foxonull,A,b, ,1,0,2, , ,0,0,37
37,1,foxonull,A,b, ,1,0,2, , ,0,0,37
37,1,foxonull,A,b, ,1,0,2, , ,0,0,37
37,1,foxonull,A,b, ,1,0,2, , ,0,0,37
37,1,foxonull,A,b, ,1,0,2, , ,0,0,37
37,1,foxonull,A,b, ,1,0,2, , ,0,0,37
37,1,foxonull,A,b, ,1,0,2, , ,0,0,37
37,1,foxonull,A,b, ,1,0,2, , ,0,0,37
37,1,foxonull,A,b, ,1,0,2, , ,0,0,37
37,3,foxonull,P,b, ,1,1,2, , ,37,1,37
37,3,foxonull,P,b, ,1,1,2, , ,37,1,37
37,2,foxonull,P,b, ,1,1,2, , ,37,1,37
37,1,foxonull,P,b, ,1,1,2, , ,37,1,37
37,1,foxonull,P,b, ,1,1,2, , ,37,1,37
37,1,foxonull,P,b, ,1,1,2, , ,37,1,37
37,1,foxonull,P,b, ,1,1,2, , ,37,1,37
37,1,foxonull,P,b, ,1,1,2, , ,37,1,37
37,1,foxonull,P,b, ,1,1,2, , ,37,1,37
37,1,foxonull,P,b, ,1,1,2, , ,37,1,37
37,1,foxonull,P,b, ,1,1,2, , ,37,1,37
37,1,foxonull,P,b, ,1,1,2, , ,37,1,37
37,1,foxonull,P,b, ,1,1,2, , ,37,1,37
37,1,foxonull,P,b, ,1,1,2, , ,37,1,37
37,3,wt,A,b, ,0,0,2, , ,0,0,0
37,3,wt,A,b, ,0,0,2, , ,0,0,0
37,3,wt,A,b, ,0,0,2, , ,0,0,0
37,2,wt,A,b, ,0,0,2, , ,0,0,0
37,2,wt,A,b, ,0,0,2, , ,0,0,0
37,2,wt,A,b, ,0,0,2, , ,0,0,0
37,2,wt,A,b, ,0,0,2, , ,0,0,0
37,2,wt,A,b, ,0,0,2, , ,0,0,0
37,1,wt,A,b, ,0,0,2, , ,0,0,0
37,1,wt,A,b, ,0,0,2, , ,0,0,0
37,1,wt,A,b, ,0,0,2, , ,0,0,0
37,1,wt,A,b, ,0,0,2, , ,0,0,0
37,1,wt,A,b, ,0,0,2, , ,0,0,0
37,1,wt,A,b, ,0,0,2, , ,0,0,0
37,3,wt,P,b, ,0,1,2, , ,37,0,0
37,3,wt,P,b, ,0,1,2, , ,37,0,0
37,3,wt,P,b, ,0,1,2, , ,37,0,0
37,3,wt,P,b, ,0,1,2, , ,37,0,0
37,3,wt,P,b, ,0,1,2, , ,37,0,0
37,3,wt,P,b, ,0,1,2, , ,37,0,0
37,2,wt,P,b, ,0,1,2, , ,37,0,0
37,2,wt,P,b, ,0,1,2, , ,37,0,0
37,1,wt,P,b, ,0,1,2, , ,37,0,0
37,1,wt,P,b, ,0,1,2, , ,37,0,0
37,1,wt,P,b, ,0,1,2, , ,37,0,0
37,1,wt,P,b, ,0,1,2, , ,37,0,0
40,2,foxonull,A,b, ,1,0,2, , ,0,0,40
40,2,foxonull,A,b, ,1,0,2, , ,0,0,40
40,1,foxonull,A,b, ,1,0,2, , ,0,0,40
40,1,foxonull,A,b, ,1,0,2, , ,0,0,40
40,1,foxonull,A,b, ,1,0,2, , ,0,0,40
40,1,foxonull,A,b, ,1,0,2, , ,0,0,40
40,1,foxonull,A,b, ,1,0,2, , ,0,0,40
40,1,foxonull,A,b, ,1,0,2, , ,0,0,40
40,1,foxonull,A,b, ,1,0,2, , ,0,0,40
40,3,foxonull,P,b, ,1,1,2, , ,40,1,40
40,2,foxonull,P,b, ,1,1,2, , ,40,1,40
40,2,foxonull,P,b, ,1,1,2, , ,40,1,40
40,2,foxonull,P,b, ,1,1,2, , ,40,1,40
40,1,foxonull,P,b, ,1,1,2, , ,40,1,40
40,1,foxonull,P,b, ,1,1,2, , ,40,1,40
40,1,foxonull,P,b, ,1,1,2, , ,40,1,40
40,1,foxonull,P,b, ,1,1,2, , ,40,1,40
40,1,foxonull,P,b, ,1,1,2, , ,40,1,40
40,1,foxonull,P,b, ,1,1,2, , ,40,1,40
40,1,foxonull,P,b, ,1,1,2, , ,40,1,40
40,1,foxonull,P,b, ,1,1,2, , ,40,1,40
40,2,wt,A,b, ,0,0,2, , ,0,0,0
40,2,wt,A,b, ,0,0,2, , ,0,0,0
40,2,wt,A,b, ,0,0,2, , ,0,0,0
40,2,wt,A,b, ,0,0,2, , ,0,0,0
40,1,wt,A,b, ,0,0,2, , ,0,0,0
40,1,wt,A,b, ,0,0,2, , ,0,0,0
40,1,wt,A,b, ,0,0,2, , ,0,0,0
40,1,wt,A,b, ,0,0,2, , ,0,0,0
40,1,wt,A,b, ,0,0,2, , ,0,0,0
40,1,wt,A,b, ,0,0,2, , ,0,0,0
40,1,wt,A,b, ,0,0,2, , ,0,0,0
40,1,wt,A,b, ,0,0,2, , ,0,0,0
40,3,wt,P,b, ,0,1,2, , ,40,0,0
40,3,wt,P,b, ,0,1,2, , ,40,0,0
40,3,wt,P,b, ,0,1,2, , ,40,0,0
40,3,wt,P,b, ,0,1,2, , ,40,0,0
40,3,wt,P,b, ,0,1,2, , ,40,0,0
40,3,wt,P,b, ,0,1,2, , ,40,0,0
40,2,wt,P,b, ,0,1,2, , ,40,0,0
40,2,wt,P,b, ,0,1,2, , ,40,0,0
40,1,wt,P,b, ,0,1,2, , ,40,0,0
40,1,wt,P,b, ,0,1,2, , ,40,0,0
40,1,wt,P,b, ,0,1,2, , ,40,0,0
40,1,wt,P,b, ,0,1,2, , ,40,0,0
44,2,foxonull,A,b, ,1,0,2, , ,0,0,44
44,1,foxonull,A,b, ,1,0,2, , ,0,0,44
44,1,foxonull,A,b, ,1,0,2, , ,0,0,44
44,1,foxonull,A,b, ,1,0,2, , ,0,0,44
44,1,foxonull,A,b, ,1,0,2, , ,0,0,44
44,1,foxonull,A,b, ,1,0,2, , ,0,0,44
44,1,foxonull,A,b, ,1,0,2, , ,0,0,44
44,1,foxonull,A,b, ,1,0,2, , ,0,0,44
44,1,foxonull,A,b, ,1,0,2, , ,0,0,44
44,1,foxonull,A,b, ,1,0,2, , ,0,0,44
44,2,foxonull,P,b, ,1,1,2, , ,44,1,44
44,1,foxonull,P,b, ,1,1,2, , ,44,1,44
44,1,foxonull,P,b, ,1,1,2, , ,44,1,44
44,1,foxonull,P,b, ,1,1,2, , ,44,1,44
44,1,foxonull,P,b, ,1,1,2, , ,44,1,44
44,1,foxonull,P,b, ,1,1,2, , ,44,1,44
44,1,foxonull,P,b, ,1,1,2, , ,44,1,44
44,1,foxonull,P,b, ,1,1,2, , ,44,1,44
44,2,wt,A,b, ,0,0,2, , ,0,0,0
44,2,wt,A,b, ,0,0,2, , ,0,0,0
44,2,wt,A,b, ,0,0,2, , ,0,0,0
44,1,wt,A,b, ,0,0,2, , ,0,0,0
44,1,wt,A,b, ,0,0,2, , ,0,0,0
44,1,wt,A,b, ,0,0,2, , ,0,0,0
44,1,wt,A,b, ,0,0,2, , ,0,0,0
44,1,wt,A,b, ,0,0,2, , ,0,0,0
44,1,wt,A,b, ,0,0,2, , ,0,0,0
44,1,wt,A,b, ,0,0,2, , ,0,0,0
44,1,wt,A,b, ,0,0,2, , ,0,0,0
44,3,wt,P,b, ,0,1,2, , ,44,0,0
44,3,wt,P,b, ,0,1,2, , ,44,0,0
44,3,wt,P,b, ,0,1,2, , ,44,0,0
44,2,wt,P,b, ,0,1,2, , ,44,0,0
44,2,wt,P,b, ,0,1,2, , ,44,0,0
44,2,wt,P,b, ,0,1,2, , ,44,0,0
44,2,wt,P,b, ,0,1,2, , ,44,0,0
44,1,wt,P,b, ,0,1,2, , ,44,0,0
44,1,wt,P,b, ,0,1,2, , ,44,0,0
44,1,wt,P,b, ,0,1,2, , ,44,0,0
44,1,wt,P,b, ,0,1,2, , ,44,0,0
44,1,wt,P,b, ,0,1,2, , ,44,0,0
47,3,foxonull,A,b, ,1,0,2, , ,0,0,47
47,1,foxonull,A,b, ,1,0,2, , ,0,0,47
47,1,foxonull,A,b, ,1,0,2, , ,0,0,47
47,1,foxonull,A,b, ,1,0,2, , ,0,0,47
47,1,foxonull,A,b, ,1,0,2, , ,0,0,47
47,1,foxonull,A,b, ,1,0,2, , ,0,0,47
47,1,foxonull,A,b, ,1,0,2, , ,0,0,47
47,1,foxonull,A,b, ,1,0,2, , ,0,0,47
47,1,foxonull,A,b, ,1,0,2, , ,0,0,47
47,1,foxonull,P,b, ,1,1,2, , ,47,1,47
47,1,foxonull,P,b, ,1,1,2, , ,47,1,47
47,1,foxonull,P,b, ,1,1,2, , ,47,1,47
47,1,foxonull,P,b, ,1,1,2, , ,47,1,47
47,1,foxonull,P,b, ,1,1,2, , ,47,1,47
47,1,foxonull,P,b, ,1,1,2, , ,47,1,47
47,2,wt,A,b, ,0,0,2, , ,0,0,0
47,2,wt,A,b, ,0,0,2, , ,0,0,0
47,1,wt,A,b, ,0,0,2, , ,0,0,0
47,1,wt,A,b, ,0,0,2, , ,0,0,0
47,1,wt,A,b, ,0,0,2, , ,0,0,0
47,1,wt,A,b, ,0,0,2, , ,0,0,0
47,1,wt,A,b, ,0,0,2, , ,0,0,0
47,1,wt,A,b, ,0,0,2, , ,0,0,0
47,1,wt,A,b, ,0,0,2, , ,0,0,0
47,1,wt,A,b, ,0,0,2, , ,0,0,0
47,3,wt,P,b, ,0,1,2, , ,47,0,0
47,3,wt,P,b, ,0,1,2, , ,47,0,0
47,2,wt,P,b, ,0,1,2, , ,47,0,0
47,2,wt,P,b, ,0,1,2, , ,47,0,0
47,1,wt,P,b, ,0,1,2, , ,47,0,0
47,1,wt,P,b, ,0,1,2, , ,47,0,0
47,1,wt,P,b, ,0,1,2, , ,47,0,0
47,1,wt,P,b, ,0,1,2, , ,47,0,0
47,1,wt,P,b, ,0,1,2, , ,47,0,0
47,1,wt,P,b, ,0,1,2, , ,47,0,0
47,1,wt,P,b, ,0,1,2, , ,47,0,0
47,1,wt,P,b, ,0,1,2, , ,47,0,0
5,3,foxonull,A,c, ,1,0,3, , ,0,0,5
5,2,foxonull,A,c, ,1,0,3, , ,0,0,5
5,2,foxonull,A,c, ,1,0,3, , ,0,0,5
5,2,foxonull,A,c, ,1,0,3, , ,0,0,5
5,2,foxonull,A,c, ,1,0,3, , ,0,0,5
5,2,foxonull,A,c, ,1,0,3, , ,0,0,5
5,2,foxonull,A,c, ,1,0,3, , ,0,0,5
5,2,foxonull,A,c, ,1,0,3, , ,0,0,5
5,2,foxonull,A,c, ,1,0,3, , ,0,0,5
5,2,foxonull,A,c, ,1,0,3, , ,0,0,5
5,1,foxonull,A,c, ,1,0,3, , ,0,0,5
5,1,foxonull,A,c, ,1,0,3, , ,0,0,5
5,1,foxonull,A,c, ,1,0,3, , ,0,0,5
5,1,foxonull,A,c, ,1,0,3, , ,0,0,5
5,1,foxonull,A,c, ,1,0,3, , ,0,0,5
5,3,foxonull,P,c, ,1,1,3, , ,5,1,5
5,3,foxonull,P,c, ,1,1,3, , ,5,1,5
5,3,foxonull,P,c, ,1,1,3, , ,5,1,5
5,3,foxonull,P,c, ,1,1,3, , ,5,1,5
5,2,foxonull,P,c, ,1,1,3, , ,5,1,5
5,2,foxonull,P,c, ,1,1,3, , ,5,1,5
5,2,foxonull,P,c, ,1,1,3, , ,5,1,5
5,2,foxonull,P,c, ,1,1,3, , ,5,1,5
5,2,foxonull,P,c, ,1,1,3, , ,5,1,5
5,2,foxonull,P,c, ,1,1,3, , ,5,1,5
5,2,foxonull,P,c, ,1,1,3, , ,5,1,5
5,2,foxonull,P,c, ,1,1,3, , ,5,1,5
5,1,foxonull,P,c, ,1,1,3, , ,5,1,5
5,1,foxonull,P,c, ,1,1,3, , ,5,1,5
5,1,foxonull,P,c, ,1,1,3, , ,5,1,5
5,3,wt,A,c, ,0,0,3, , ,0,0,0
5,3,wt,A,c, ,0,0,3, , ,0,0,0
5,3,wt,A,c, ,0,0,3, , ,0,0,0
5,3,wt,A,c, ,0,0,3, , ,0,0,0
5,3,wt,A,c, ,0,0,3, , ,0,0,0
5,3,wt,A,c, ,0,0,3, , ,0,0,0
5,3,wt,A,c, ,0,0,3, , ,0,0,0
5,2,wt,A,c, ,0,0,3, , ,0,0,0
5,2,wt,A,c, ,0,0,3, , ,0,0,0
5,2,wt,A,c, ,0,0,3, , ,0,0,0
5,2,wt,A,c, ,0,0,3, , ,0,0,0
5,2,wt,A,c, ,0,0,3, , ,0,0,0
5,2,wt,A,c, ,0,0,3, , ,0,0,0
5,1,wt,A,c, ,0,0,3, , ,0,0,0
5,3,wt,P,c, ,0,1,3, , ,5,0,0
5,3,wt,P,c, ,0,1,3, , ,5,0,0
5,3,wt,P,c, ,0,1,3, , ,5,0,0
5,3,wt,P,c, ,0,1,3, , ,5,0,0
5,3,wt,P,c, ,0,1,3, , ,5,0,0
5,3,wt,P,c, ,0,1,3, , ,5,0,0
5,3,wt,P,c, ,0,1,3, , ,5,0,0
5,3,wt,P,c, ,0,1,3, , ,5,0,0
5,2,wt,P,c, ,0,1,3, , ,5,0,0
5,2,wt,P,c, ,0,1,3, , ,5,0,0
5,2,wt,P,c, ,0,1,3, , ,5,0,0
5,2,wt,P,c, ,0,1,3, , ,5,0,0
5,2,wt,P,c, ,0,1,3, , ,5,0,0
5,2,wt,P,c, ,0,1,3, , ,5,0,0
5,2,wt,P,c, ,0,1,3, , ,5,0,0
7,2,foxonull,A,c, ,1,0,3, , ,0,0,7
7,2,foxonull,A,c, ,1,0,3, , ,0,0,7
7,2,foxonull,A,c, ,1,0,3, , ,0,0,7
7,1,foxonull,A,c, ,1,0,3, , ,0,0,7
7,1,foxonull,A,c, ,1,0,3, , ,0,0,7
7,1,foxonull,A,c, ,1,0,3, , ,0,0,7
7,1,foxonull,A,c, ,1,0,3, , ,0,0,7
7,1,foxonull,A,c, ,1,0,3, , ,0,0,7
7,1,foxonull,A,c, ,1,0,3, , ,0,0,7
7,1,foxonull,A,c, ,1,0,3, , ,0,0,7
7,1,foxonull,A,c, ,1,0,3, , ,0,0,7
7,1,foxonull,A,c, ,1,0,3, , ,0,0,7
7,1,foxonull,A,c, ,1,0,3, , ,0,0,7
7,3,foxonull,P,c, ,1,1,3, , ,7,1,7
7,3,foxonull,P,c, ,1,1,3, , ,7,1,7
7,3,foxonull,P,c, ,1,1,3, , ,7,1,7
7,3,foxonull,P,c, ,1,1,3, , ,7,1,7
7,3,foxonull,P,c, ,1,1,3, , ,7,1,7
7,3,foxonull,P,c, ,1,1,3, , ,7,1,7
7,2,foxonull,P,c, ,1,1,3, , ,7,1,7
7,2,foxonull,P,c, ,1,1,3, , ,7,1,7
7,2,foxonull,P,c, ,1,1,3, , ,7,1,7
7,1,foxonull,P,c, ,1,1,3, , ,7,1,7
7,1,foxonull,P,c, ,1,1,3, , ,7,1,7
7,1,foxonull,P,c, ,1,1,3, , ,7,1,7
7,1,foxonull,P,c, ,1,1,3, , ,7,1,7
7,1,foxonull,P,c, ,1,1,3, , ,7,1,7
7,1,foxonull,P,c, ,1,1,3, , ,7,1,7
7,3,wt,A,c, ,0,0,3, , ,0,0,0
7,3,wt,A,c, ,0,0,3, , ,0,0,0
7,3,wt,A,c, ,0,0,3, , ,0,0,0
7,3,wt,A,c, ,0,0,3, , ,0,0,0
7,3,wt,A,c, ,0,0,3, , ,0,0,0
7,3,wt,A,c, ,0,0,3, , ,0,0,0
7,3,wt,A,c, ,0,0,3, , ,0,0,0
7,2,wt,A,c, ,0,0,3, , ,0,0,0
7,2,wt,A,c, ,0,0,3, , ,0,0,0
7,2,wt,A,c, ,0,0,3, , ,0,0,0
7,2,wt,A,c, ,0,0,3, , ,0,0,0
7,2,wt,A,c, ,0,0,3, , ,0,0,0
7,2,wt,A,c, ,0,0,3, , ,0,0,0
7,3,wt,P,c, ,0,1,3, , ,7,0,0
7,3,wt,P,c, ,0,1,3, , ,7,0,0
7,3,wt,P,c, ,0,1,3, , ,7,0,0
7,3,wt,P,c, ,0,1,3, , ,7,0,0
7,3,wt,P,c, ,0,1,3, , ,7,0,0
7,3,wt,P,c, ,0,1,3, , ,7,0,0
7,3,wt,P,c, ,0,1,3, , ,7,0,0
7,3,wt,P,c, ,0,1,3, , ,7,0,0
7,3,wt,P,c, ,0,1,3, , ,7,0,0
7,3,wt,P,c, ,0,1,3, , ,7,0,0
7,3,wt,P,c, ,0,1,3, , ,7,0,0
7,3,wt,P,c, ,0,1,3, , ,7,0,0
7,3,wt,P,c, ,0,1,3, , ,7,0,0
7,2,wt,P,c, ,0,1,3, , ,7,0,0
7,2,wt,P,c, ,0,1,3, , ,7,0,0
12,3,foxonull,A,c, ,1,0,3, , ,0,0,12
12,2,foxonull,A,c, ,1,0,3, , ,0,0,12
12,2,foxonull,A,c, ,1,0,3, , ,0,0,12
12,2,foxonull,A,c, ,1,0,3, , ,0,0,12
12,2,foxonull,A,c, ,1,0,3, , ,0,0,12
12,1,foxonull,A,c, ,1,0,3, , ,0,0,12
12,1,foxonull,A,c, ,1,0,3, , ,0,0,12
12,1,foxonull,A,c, ,1,0,3, , ,0,0,12
12,1,foxonull,A,c, ,1,0,3, , ,0,0,12
12,1,foxonull,A,c, ,1,0,3, , ,0,0,12
12,1,foxonull,A,c, ,1,0,3, , ,0,0,12
12,3,foxonull,P,c, ,1,1,3, , ,12,1,12
12,3,foxonull,P,c, ,1,1,3, , ,12,1,12
12,3,foxonull,P,c, ,1,1,3, , ,12,1,12
12,3,foxonull,P,c, ,1,1,3, , ,12,1,12
12,3,foxonull,P,c, ,1,1,3, , ,12,1,12
12,3,foxonull,P,c, ,1,1,3, , ,12,1,12
12,3,foxonull,P,c, ,1,1,3, , ,12,1,12
12,3,foxonull,P,c, ,1,1,3, , ,12,1,12
12,2,foxonull,P,c, ,1,1,3, , ,12,1,12
12,2,foxonull,P,c, ,1,1,3, , ,12,1,12
12,2,foxonull,P,c, ,1,1,3, , ,12,1,12
12,2,foxonull,P,c, ,1,1,3, , ,12,1,12
12,1,foxonull,P,c, ,1,1,3, , ,12,1,12
12,1,foxonull,P,c, ,1,1,3, , ,12,1,12
12,1,foxonull,P,c, ,1,1,3, , ,12,1,12
12,3,wt,A,c, ,0,0,3, , ,0,0,0
12,3,wt,A,c, ,0,0,3, , ,0,0,0
12,3,wt,A,c, ,0,0,3, , ,0,0,0
12,3,wt,A,c, ,0,0,3, , ,0,0,0
12,3,wt,A,c, ,0,0,3, , ,0,0,0
12,3,wt,A,c, ,0,0,3, , ,0,0,0
12,3,wt,A,c, ,0,0,3, , ,0,0,0
12,3,wt,A,c, ,0,0,3, , ,0,0,0
12,3,wt,A,c, ,0,0,3, , ,0,0,0
12,3,wt,A,c, ,0,0,3, , ,0,0,0
12,2,wt,A,c, ,0,0,3, , ,0,0,0
12,2,wt,A,c, ,0,0,3, , ,0,0,0
12,2,wt,A,c, ,0,0,3, , ,0,0,0
12,2,wt,A,c, ,0,0,3, , ,0,0,0
12,3,wt,P,c, ,0,1,3, , ,12,0,0
12,3,wt,P,c, ,0,1,3, , ,12,0,0
12,3,wt,P,c, ,0,1,3, , ,12,0,0
12,3,wt,P,c, ,0,1,3, , ,12,0,0
12,3,wt,P,c, ,0,1,3, , ,12,0,0
12,3,wt,P,c, ,0,1,3, , ,12,0,0
12,3,wt,P,c, ,0,1,3, , ,12,0,0
12,3,wt,P,c, ,0,1,3, , ,12,0,0
12,3,wt,P,c, ,0,1,3, , ,12,0,0
12,2,wt,P,c, ,0,1,3, , ,12,0,0
12,2,wt,P,c, ,0,1,3, , ,12,0,0
12,2,wt,P,c, ,0,1,3, , ,12,0,0
12,2,wt,P,c, ,0,1,3, , ,12,0,0
12,2,wt,P,c, ,0,1,3, , ,12,0,0
12,2,wt,P,c, ,0,1,3, , ,12,0,0
16,3,foxonull,A,c, ,1,0,3, , ,0,0,16
16,2,foxonull,A,c, ,1,0,3, , ,0,0,16
16,2,foxonull,A,c, ,1,0,3, , ,0,0,16
16,2,foxonull,A,c, ,1,0,3, , ,0,0,16
16,1,foxonull,A,c, ,1,0,3, , ,0,0,16
16,1,foxonull,A,c, ,1,0,3, , ,0,0,16
16,1,foxonull,A,c, ,1,0,3, , ,0,0,16
16,1,foxonull,A,c, ,1,0,3, , ,0,0,16
16,1,foxonull,A,c, ,1,0,3, , ,0,0,16
16,1,foxonull,A,c, ,1,0,3, , ,0,0,16
16,1,foxonull,A,c, ,1,0,3, , ,0,0,16
16,3,foxonull,P,c, ,1,1,3, , ,16,1,16
16,3,foxonull,P,c, ,1,1,3, , ,16,1,16
16,3,foxonull,P,c, ,1,1,3, , ,16,1,16
16,3,foxonull,P,c, ,1,1,3, , ,16,1,16
16,3,foxonull,P,c, ,1,1,3, , ,16,1,16
16,3,foxonull,P,c, ,1,1,3, , ,16,1,16
16,2,foxonull,P,c, ,1,1,3, , ,16,1,16
16,2,foxonull,P,c, ,1,1,3, , ,16,1,16
16,2,foxonull,P,c, ,1,1,3, , ,16,1,16
16,1,foxonull,P,c, ,1,1,3, , ,16,1,16
16,1,foxonull,P,c, ,1,1,3, , ,16,1,16
16,1,foxonull,P,c, ,1,1,3, , ,16,1,16
16,1,foxonull,P,c, ,1,1,3, , ,16,1,16
16,1,foxonull,P,c, ,1,1,3, , ,16,1,16
16,1,foxonull,P,c, ,1,1,3, , ,16,1,16
16,3,wt,A,c, ,0,0,3, , ,0,0,0
16,3,wt,A,c, ,0,0,3, , ,0,0,0
16,3,wt,A,c, ,0,0,3, , ,0,0,0
16,3,wt,A,c, ,0,0,3, , ,0,0,0
16,3,wt,A,c, ,0,0,3, , ,0,0,0
16,3,wt,A,c, ,0,0,3, , ,0,0,0
16,3,wt,A,c, ,0,0,3, , ,0,0,0
16,3,wt,A,c, ,0,0,3, , ,0,0,0
16,3,wt,A,c, ,0,0,3, , ,0,0,0
16,3,wt,A,c, ,0,0,3, , ,0,0,0
16,3,wt,A,c, ,0,0,3, , ,0,0,0
16,2,wt,A,c, ,0,0,3, , ,0,0,0
16,2,wt,A,c, ,0,0,3, , ,0,0,0
16,3,wt,P,c, ,0,1,3, , ,16,0,0
16,3,wt,P,c, ,0,1,3, , ,16,0,0
16,3,wt,P,c, ,0,1,3, , ,16,0,0
16,3,wt,P,c, ,0,1,3, , ,16,0,0
16,3,wt,P,c, ,0,1,3, , ,16,0,0
16,3,wt,P,c, ,0,1,3, , ,16,0,0
16,3,wt,P,c, ,0,1,3, , ,16,0,0
16,3,wt,P,c, ,0,1,3, , ,16,0,0
16,3,wt,P,c, ,0,1,3, , ,16,0,0
16,3,wt,P,c, ,0,1,3, , ,16,0,0
16,3,wt,P,c, ,0,1,3, , ,16,0,0
16,2,wt,P,c, ,0,1,3, , ,16,0,0
16,2,wt,P,c, ,0,1,3, , ,16,0,0
16,2,wt,P,c, ,0,1,3, , ,16,0,0
16,2,wt,P,c, ,0,1,3, , ,16,0,0
21,3,foxonull,A,c, ,1,0,3, , ,0,0,21
21,2,foxonull,A,c, ,1,0,3, , ,0,0,21
21,2,foxonull,A,c, ,1,0,3, , ,0,0,21
21,2,foxonull,A,c, ,1,0,3, , ,0,0,21
21,1,foxonull,A,c, ,1,0,3, , ,0,0,21
21,1,foxonull,A,c, ,1,0,3, , ,0,0,21
21,1,foxonull,A,c, ,1,0,3, , ,0,0,21
21,1,foxonull,A,c, ,1,0,3, , ,0,0,21
21,1,foxonull,A,c, ,1,0,3, , ,0,0,21
21,1,foxonull,A,c, ,1,0,3, , ,0,0,21
21,1,foxonull,A,c, ,1,0,3, , ,0,0,21
21,1,foxonull,A,c, ,1,0,3, , ,0,0,21
21,3,foxonull,P,c, ,1,1,3, , ,21,1,21
21,3,foxonull,P,c, ,1,1,3, , ,21,1,21
21,3,foxonull,P,c, ,1,1,3, , ,21,1,21
21,3,foxonull,P,c, ,1,1,3, , ,21,1,21
21,3,foxonull,P,c, ,1,1,3, , ,21,1,21
21,3,foxonull,P,c, ,1,1,3, , ,21,1,21
21,3,foxonull,P,c, ,1,1,3, , ,21,1,21
21,3,foxonull,P,c, ,1,1,3, , ,21,1,21
21,3,foxonull,P,c, ,1,1,3, , ,21,1,21
21,2,foxonull,P,c, ,1,1,3, , ,21,1,21
21,2,foxonull,P,c, ,1,1,3, , ,21,1,21
21,1,foxonull,P,c, ,1,1,3, , ,21,1,21
21,1,foxonull,P,c, ,1,1,3, , ,21,1,21
21,1,foxonull,P,c, ,1,1,3, , ,21,1,21
21,1,foxonull,P,c, ,1,1,3, , ,21,1,21
21,3,wt,A,c, ,0,0,3, , ,0,0,0
21,3,wt,A,c, ,0,0,3, , ,0,0,0
21,3,wt,A,c, ,0,0,3, , ,0,0,0
21,3,wt,A,c, ,0,0,3, , ,0,0,0
21,3,wt,A,c, ,0,0,3, , ,0,0,0
21,3,wt,A,c, ,0,0,3, , ,0,0,0
21,3,wt,A,c, ,0,0,3, , ,0,0,0
21,3,wt,A,c, ,0,0,3, , ,0,0,0
21,2,wt,A,c, ,0,0,3, , ,0,0,0
21,1,wt,A,c, ,0,0,3, , ,0,0,0
21,3,wt,P,c, ,0,1,3, , ,21,0,0
21,3,wt,P,c, ,0,1,3, , ,21,0,0
21,3,wt,P,c, ,0,1,3, , ,21,0,0
21,3,wt,P,c, ,0,1,3, , ,21,0,0
21,3,wt,P,c, ,0,1,3, , ,21,0,0
21,3,wt,P,c, ,0,1,3, , ,21,0,0
21,3,wt,P,c, ,0,1,3, , ,21,0,0
21,3,wt,P,c, ,0,1,3, , ,21,0,0
21,3,wt,P,c, ,0,1,3, , ,21,0,0
21,3,wt,P,c, ,0,1,3, , ,21,0,0
21,3,wt,P,c, ,0,1,3, , ,21,0,0
21,2,wt,P,c, ,0,1,3, , ,21,0,0
21,2,wt,P,c, ,0,1,3, , ,21,0,0
21,2,wt,P,c, ,0,1,3, , ,21,0,0
21,2,wt,P,c, ,0,1,3, , ,21,0,0
26,2,foxonull,A,c, ,1,0,3, , ,0,0,26
26,1,foxonull,A,c, ,1,0,3, , ,0,0,26
26,1,foxonull,A,c, ,1,0,3, , ,0,0,26
26,1,foxonull,A,c, ,1,0,3, , ,0,0,26
26,1,foxonull,A,c, ,1,0,3, , ,0,0,26
26,1,foxonull,A,c, ,1,0,3, , ,0,0,26
26,1,foxonull,A,c, ,1,0,3, , ,0,0,26
26,1,foxonull,A,c, ,1,0,3, , ,0,0,26
26,1,foxonull,A,c, ,1,0,3, , ,0,0,26
26,1,foxonull,A,c, ,1,0,3, , ,0,0,26
26,1,foxonull,A,c, ,1,0,3, , ,0,0,26
26,3,foxonull,P,c, ,1,1,3, , ,26,1,26
26,3,foxonull,P,c, ,1,1,3, , ,26,1,26
26,3,foxonull,P,c, ,1,1,3, , ,26,1,26
26,2,foxonull,P,c, ,1,1,3, , ,26,1,26
26,2,foxonull,P,c, ,1,1,3, , ,26,1,26
26,1,foxonull,P,c, ,1,1,3, , ,26,1,26
26,1,foxonull,P,c, ,1,1,3, , ,26,1,26
26,1,foxonull,P,c, ,1,1,3, , ,26,1,26
26,1,foxonull,P,c, ,1,1,3, , ,26,1,26
26,1,foxonull,P,c, ,1,1,3, , ,26,1,26
26,1,foxonull,P,c, ,1,1,3, , ,26,1,26
26,1,foxonull,P,c, ,1,1,3, , ,26,1,26
26,3,wt,A,c, ,0,0,3, , ,0,0,0
26,3,wt,A,c, ,0,0,3, , ,0,0,0
26,3,wt,A,c, ,0,0,3, , ,0,0,0
26,3,wt,A,c, ,0,0,3, , ,0,0,0
26,3,wt,A,c, ,0,0,3, , ,0,0,0
26,3,wt,A,c, ,0,0,3, , ,0,0,0
26,3,wt,A,c, ,0,0,3, , ,0,0,0
26,3,wt,A,c, ,0,0,3, , ,0,0,0
26,2,wt,A,c, ,0,0,3, , ,0,0,0
26,2,wt,A,c, ,0,0,3, , ,0,0,0
26,2,wt,A,c, ,0,0,3, , ,0,0,0
26,2,wt,A,c, ,0,0,3, , ,0,0,0
26,1,wt,A,c, ,0,0,3, , ,0,0,0
26,3,wt,P,c, ,0,1,3, , ,26,0,0
26,3,wt,P,c, ,0,1,3, , ,26,0,0
26,3,wt,P,c, ,0,1,3, , ,26,0,0
26,3,wt,P,c, ,0,1,3, , ,26,0,0
26,3,wt,P,c, ,0,1,3, , ,26,0,0
26,3,wt,P,c, ,0,1,3, , ,26,0,0
26,3,wt,P,c, ,0,1,3, , ,26,0,0
26,3,wt,P,c, ,0,1,3, , ,26,0,0
26,3,wt,P,c, ,0,1,3, , ,26,0,0
26,3,wt,P,c, ,0,1,3, , ,26,0,0
26,2,wt,P,c, ,0,1,3, , ,26,0,0
26,2,wt,P,c, ,0,1,3, , ,26,0,0
26,2,wt,P,c, ,0,1,3, , ,26,0,0
26,2,wt,P,c, ,0,1,3, , ,26,0,0
30,3,foxonull,A,c, ,1,0,3, , ,0,0,30
30,3,foxonull,A,c, ,1,0,3, , ,0,0,30
30,3,foxonull,A,c, ,1,0,3, , ,0,0,30
30,2,foxonull,A,c, ,1,0,3, , ,0,0,30
30,1,foxonull,A,c, ,1,0,3, , ,0,0,30
30,1,foxonull,A,c, ,1,0,3, , ,0,0,30
30,1,foxonull,A,c, ,1,0,3, , ,0,0,30
30,1,foxonull,A,c, ,1,0,3, , ,0,0,30
30,1,foxonull,A,c, ,1,0,3, , ,0,0,30
30,1,foxonull,A,c, ,1,0,3, , ,0,0,30
30,1,foxonull,A,c, ,1,0,3, , ,0,0,30
30,3,foxonull,P,c, ,1,1,3, , ,30,1,30
30,3,foxonull,P,c, ,1,1,3, , ,30,1,30
30,3,foxonull,P,c, ,1,1,3, , ,30,1,30
30,3,foxonull,P,c, ,1,1,3, , ,30,1,30
30,2,foxonull,P,c, ,1,1,3, , ,30,1,30
30,2,foxonull,P,c, ,1,1,3, , ,30,1,30
30,2,foxonull,P,c, ,1,1,3, , ,30,1,30
30,2,foxonull,P,c, ,1,1,3, , ,30,1,30
30,2,foxonull,P,c, ,1,1,3, , ,30,1,30
30,1,foxonull,P,c, ,1,1,3, , ,30,1,30
30,1,foxonull,P,c, ,1,1,3, , ,30,1,30
30,1,foxonull,P,c, ,1,1,3, , ,30,1,30
30,1,foxonull,P,c, ,1,1,3, , ,30,1,30
30,1,foxonull,P,c, ,1,1,3, , ,30,1,30
30,3,wt,A,c, ,0,0,3, , ,0,0,0
30,3,wt,A,c, ,0,0,3, , ,0,0,0
30,3,wt,A,c, ,0,0,3, , ,0,0,0
30,3,wt,A,c, ,0,0,3, , ,0,0,0
30,3,wt,A,c, ,0,0,3, , ,0,0,0
30,2,wt,A,c, ,0,0,3, , ,0,0,0
30,2,wt,A,c, ,0,0,3, , ,0,0,0
30,2,wt,A,c, ,0,0,3, , ,0,0,0
30,1,wt,A,c, ,0,0,3, , ,0,0,0
30,1,wt,A,c, ,0,0,3, , ,0,0,0
30,1,wt,A,c, ,0,0,3, , ,0,0,0
30,3,wt,P,c, ,0,1,3, , ,30,0,0
30,3,wt,P,c, ,0,1,3, , ,30,0,0
30,3,wt,P,c, ,0,1,3, , ,30,0,0
30,3,wt,P,c, ,0,1,3, , ,30,0,0
30,3,wt,P,c, ,0,1,3, , ,30,0,0
30,3,wt,P,c, ,0,1,3, , ,30,0,0
30,3,wt,P,c, ,0,1,3, , ,30,0,0
30,3,wt,P,c, ,0,1,3, , ,30,0,0
30,3,wt,P,c, ,0,1,3, , ,30,0,0
30,2,wt,P,c, ,0,1,3, , ,30,0,0
30,2,wt,P,c, ,0,1,3, , ,30,0,0
30,1,wt,P,c, ,0,1,3, , ,30,0,0
30,1,wt,P,c, ,0,1,3, , ,30,0,0
33,1,foxonull,A,c, ,1,0,3, , ,0,0,33
33,1,foxonull,A,c, ,1,0,3, , ,0,0,33
33,1,foxonull,A,c, ,1,0,3, , ,0,0,33
33,1,foxonull,A,c, ,1,0,3, , ,0,0,33
33,1,foxonull,A,c, ,1,0,3, , ,0,0,33
33,1,foxonull,A,c, ,1,0,3, , ,0,0,33
33,1,foxonull,A,c, ,1,0,3, , ,0,0,33
33,1,foxonull,A,c, ,1,0,3, , ,0,0,33
33,1,foxonull,A,c, ,1,0,3, , ,0,0,33
33,1,foxonull,A,c, ,1,0,3, , ,0,0,33
33,1,foxonull,A,c, ,1,0,3, , ,0,0,33
33,3,foxonull,P,c, ,1,1,3, , ,33,1,33
33,3,foxonull,P,c, ,1,1,3, , ,33,1,33
33,2,foxonull,P,c, ,1,1,3, , ,33,1,33
33,2,foxonull,P,c, ,1,1,3, , ,33,1,33
33,2,foxonull,P,c, ,1,1,3, , ,33,1,33
33,2,foxonull,P,c, ,1,1,3, , ,33,1,33
33,2,foxonull,P,c, ,1,1,3, , ,33,1,33
33,1,foxonull,P,c, ,1,1,3, , ,33,1,33
33,1,foxonull,P,c, ,1,1,3, , ,33,1,33
33,1,foxonull,P,c, ,1,1,3, , ,33,1,33
33,1,foxonull,P,c, ,1,1,3, , ,33,1,33
33,1,foxonull,P,c, ,1,1,3, , ,33,1,33
33,1,foxonull,P,c, ,1,1,3, , ,33,1,33
33,1,foxonull,P,c, ,1,1,3, , ,33,1,33
33,1,foxonull,P,c, ,1,1,3, , ,33,1,33
33,3,wt,A,c, ,0,0,3, , ,0,0,0
33,3,wt,A,c, ,0,0,3, , ,0,0,0
33,3,wt,A,c, ,0,0,3, , ,0,0,0
33,3,wt,A,c, ,0,0,3, , ,0,0,0
33,2,wt,A,c, ,0,0,3, , ,0,0,0
33,2,wt,A,c, ,0,0,3, , ,0,0,0
33,2,wt,A,c, ,0,0,3, , ,0,0,0
33,1,wt,A,c, ,0,0,3, , ,0,0,0
33,1,wt,A,c, ,0,0,3, , ,0,0,0
33,1,wt,A,c, ,0,0,3, , ,0,0,0
33,3,wt,P,c, ,0,1,3, , ,33,0,0
33,3,wt,P,c, ,0,1,3, , ,33,0,0
33,3,wt,P,c, ,0,1,3, , ,33,0,0
33,3,wt,P,c, ,0,1,3, , ,33,0,0
33,3,wt,P,c, ,0,1,3, , ,33,0,0
33,2,wt,P,c, ,0,1,3, , ,33,0,0
33,2,wt,P,c, ,0,1,3, , ,33,0,0
33,2,wt,P,c, ,0,1,3, , ,33,0,0
33,2,wt,P,c, ,0,1,3, , ,33,0,0
33,2,wt,P,c, ,0,1,3, , ,33,0,0
33,2,wt,P,c, ,0,1,3, , ,33,0,0
33,1,wt,P,c, ,0,1,3, , ,33,0,0
33,1,wt,P,c, ,0,1,3, , ,33,0,0
35,1,foxonull,A,c, ,1,0,3, , ,0,0,35
35,1,foxonull,A,c, ,1,0,3, , ,0,0,35
35,1,foxonull,A,c, ,1,0,3, , ,0,0,35
35,1,foxonull,A,c, ,1,0,3, , ,0,0,35
35,1,foxonull,A,c, ,1,0,3, , ,0,0,35
35,1,foxonull,A,c, ,1,0,3, , ,0,0,35
35,1,foxonull,A,c, ,1,0,3, , ,0,0,35
35,1,foxonull,A,c, ,1,0,3, , ,0,0,35
35,1,foxonull,A,c, ,1,0,3, , ,0,0,35
35,1,foxonull,A,c, ,1,0,3, , ,0,0,35
35,1,foxonull,A,c, ,1,0,3, , ,0,0,35
35,3,foxonull,P,c, ,1,1,3, , ,35,1,35
35,2,foxonull,P,c, ,1,1,3, , ,35,1,35
35,2,foxonull,P,c, ,1,1,3, , ,35,1,35
35,2,foxonull,P,c, ,1,1,3, , ,35,1,35
35,1,foxonull,P,c, ,1,1,3, , ,35,1,35
35,1,foxonull,P,c, ,1,1,3, , ,35,1,35
35,1,foxonull,P,c, ,1,1,3, , ,35,1,35
35,1,foxonull,P,c, ,1,1,3, , ,35,1,35
35,1,foxonull,P,c, ,1,1,3, , ,35,1,35
35,1,foxonull,P,c, ,1,1,3, , ,35,1,35
35,1,foxonull,P,c, ,1,1,3, , ,35,1,35
35,1,foxonull,P,c, ,1,1,3, , ,35,1,35
35,1,foxonull,P,c, ,1,1,3, , ,35,1,35
35,1,foxonull,P,c, ,1,1,3, , ,35,1,35
35,1,foxonull,P,c, ,1,1,3, , ,35,1,35
35,3,wt,A,c, ,0,0,3, , ,0,0,0
35,3,wt,A,c, ,0,0,3, , ,0,0,0
35,3,wt,A,c, ,0,0,3, , ,0,0,0
35,3,wt,A,c, ,0,0,3, , ,0,0,0
35,3,wt,A,c, ,0,0,3, , ,0,0,0
35,2,wt,A,c, ,0,0,3, , ,0,0,0
35,1,wt,A,c, ,0,0,3, , ,0,0,0
35,1,wt,A,c, ,0,0,3, , ,0,0,0
35,1,wt,A,c, ,0,0,3, , ,0,0,0
35,1,wt,A,c, ,0,0,3, , ,0,0,0
35,1,wt,A,c, ,0,0,3, , ,0,0,0
35,3,wt,P,c, ,0,1,3, , ,35,0,0
35,3,wt,P,c, ,0,1,3, , ,35,0,0
35,3,wt,P,c, ,0,1,3, , ,35,0,0
35,3,wt,P,c, ,0,1,3, , ,35,0,0
35,3,wt,P,c, ,0,1,3, , ,35,0,0
35,3,wt,P,c, ,0,1,3, , ,35,0,0
35,3,wt,P,c, ,0,1,3, , ,35,0,0
35,3,wt,P,c, ,0,1,3, , ,35,0,0
35,3,wt,P,c, ,0,1,3, , ,35,0,0
35,2,wt,P,c, ,0,1,3, , ,35,0,0
35,2,wt,P,c, ,0,1,3, , ,35,0,0
35,1,wt,P,c, ,0,1,3, , ,35,0,0
35,1,wt,P,c, ,0,1,3, , ,35,0,0
37,1,foxonull,A,c, ,1,0,3, , ,0,0,37
37,1,foxonull,A,c, ,1,0,3, , ,0,0,37
37,1,foxonull,A,c, ,1,0,3, , ,0,0,37
37,1,foxonull,A,c, ,1,0,3, , ,0,0,37
37,1,foxonull,A,c, ,1,0,3, , ,0,0,37
37,1,foxonull,A,c, ,1,0,3, , ,0,0,37
37,1,foxonull,A,c, ,1,0,3, , ,0,0,37
37,1,foxonull,A,c, ,1,0,3, , ,0,0,37
37,1,foxonull,A,c, ,1,0,3, , ,0,0,37
37,1,foxonull,A,c, ,1,0,3, , ,0,0,37
37,1,foxonull,A,c, ,1,0,3, , ,0,0,37
37,3,foxonull,P,c, ,1,1,3, , ,37,1,37
37,2,foxonull,P,c, ,1,1,3, , ,37,1,37
37,1,foxonull,P,c, ,1,1,3, , ,37,1,37
37,1,foxonull,P,c, ,1,1,3, , ,37,1,37
37,1,foxonull,P,c, ,1,1,3, , ,37,1,37
37,1,foxonull,P,c, ,1,1,3, , ,37,1,37
37,1,foxonull,P,c, ,1,1,3, , ,37,1,37
37,1,foxonull,P,c, ,1,1,3, , ,37,1,37
37,1,foxonull,P,c, ,1,1,3, , ,37,1,37
37,1,foxonull,P,c, ,1,1,3, , ,37,1,37
37,1,foxonull,P,c, ,1,1,3, , ,37,1,37
37,1,foxonull,P,c, ,1,1,3, , ,37,1,37
37,1,foxonull,P,c, ,1,1,3, , ,37,1,37
37,3,wt,A,c, ,0,0,3, , ,0,0,0
37,3,wt,A,c, ,0,0,3, , ,0,0,0
37,3,wt,A,c, ,0,0,3, , ,0,0,0
37,3,wt,A,c, ,0,0,3, , ,0,0,0
37,2,wt,A,c, ,0,0,3, , ,0,0,0
37,2,wt,A,c, ,0,0,3, , ,0,0,0
37,1,wt,A,c, ,0,0,3, , ,0,0,0
37,1,wt,A,c, ,0,0,3, , ,0,0,0
37,1,wt,A,c, ,0,0,3, , ,0,0,0
37,1,wt,A,c, ,0,0,3, , ,0,0,0
37,1,wt,A,c, ,0,0,3, , ,0,0,0
37,3,wt,P,c, ,0,1,3, , ,37,0,0
37,3,wt,P,c, ,0,1,3, , ,37,0,0
37,3,wt,P,c, ,0,1,3, , ,37,0,0
37,3,wt,P,c, ,0,1,3, , ,37,0,0
37,3,wt,P,c, ,0,1,3, , ,37,0,0
37,3,wt,P,c, ,0,1,3, , ,37,0,0
37,3,wt,P,c, ,0,1,3, , ,37,0,0
37,2,wt,P,c, ,0,1,3, , ,37,0,0
37,2,wt,P,c, ,0,1,3, , ,37,0,0
37,1,wt,P,c, ,0,1,3, , ,37,0,0
37,1,wt,P,c, ,0,1,3, , ,37,0,0
37,1,wt,P,c, ,0,1,3, , ,37,0,0
40,1,foxonull,A,c, ,1,0,3, , ,0,0,40
40,1,foxonull,A,c, ,1,0,3, , ,0,0,40
40,1,foxonull,A,c, ,1,0,3, , ,0,0,40
40,1,foxonull,A,c, ,1,0,3, , ,0,0,40
40,1,foxonull,A,c, ,1,0,3, , ,0,0,40
40,1,foxonull,A,c, ,1,0,3, , ,0,0,40
40,1,foxonull,A,c, ,1,0,3, , ,0,0,40
40,1,foxonull,A,c, ,1,0,3, , ,0,0,40
40,1,foxonull,A,c, ,1,0,3, , ,0,0,40
40,1,foxonull,A,c, ,1,0,3, , ,0,0,40
40,1,foxonull,A,c, ,1,0,3, , ,0,0,40
40,2,foxonull,P,c, ,1,1,3, , ,40,1,40
40,1,foxonull,P,c, ,1,1,3, , ,40,1,40
40,1,foxonull,P,c, ,1,1,3, , ,40,1,40
40,1,foxonull,P,c, ,1,1,3, , ,40,1,40
40,1,foxonull,P,c, ,1,1,3, , ,40,1,40
40,1,foxonull,P,c, ,1,1,3, , ,40,1,40
40,1,foxonull,P,c, ,1,1,3, , ,40,1,40
40,1,foxonull,P,c, ,1,1,3, , ,40,1,40
40,1,foxonull,P,c, ,1,1,3, , ,40,1,40
40,1,foxonull,P,c, ,1,1,3, , ,40,1,40
40,1,foxonull,P,c, ,1,1,3, , ,40,1,40
40,1,foxonull,P,c, ,1,1,3, , ,40,1,40
40,3,wt,A,c, ,0,0,3, , ,0,0,0
40,3,wt,A,c, ,0,0,3, , ,0,0,0
40,3,wt,A,c, ,0,0,3, , ,0,0,0
40,2,wt,A,c, ,0,0,3, , ,0,0,0
40,1,wt,A,c, ,0,0,3, , ,0,0,0
40,1,wt,A,c, ,0,0,3, , ,0,0,0
40,1,wt,A,c, ,0,0,3, , ,0,0,0
40,1,wt,A,c, ,0,0,3, , ,0,0,0
40,1,wt,A,c, ,0,0,3, , ,0,0,0
40,1,wt,A,c, ,0,0,3, , ,0,0,0
40,1,wt,A,c, ,0,0,3, , ,0,0,0
40,3,wt,P,c, ,0,1,3, , ,40,0,0
40,3,wt,P,c, ,0,1,3, , ,40,0,0
40,3,wt,P,c, ,0,1,3, , ,40,0,0
40,3,wt,P,c, ,0,1,3, , ,40,0,0
40,3,wt,P,c, ,0,1,3, , ,40,0,0
40,2,wt,P,c, ,0,1,3, , ,40,0,0
40,2,wt,P,c, ,0,1,3, , ,40,0,0
40,2,wt,P,c, ,0,1,3, , ,40,0,0
40,1,wt,P,c, ,0,1,3, , ,40,0,0
40,1,wt,P,c, ,0,1,3, , ,40,0,0
40,1,wt,P,c, ,0,1,3, , ,40,0,0
40,1,wt,P,c, ,0,1,3, , ,40,0,0
44,1,foxonull,A,c, ,1,0,3, , ,0,0,44
44,1,foxonull,A,c, ,1,0,3, , ,0,0,44
44,1,foxonull,A,c, ,1,0,3, , ,0,0,44
44,1,foxonull,A,c, ,1,0,3, , ,0,0,44
44,1,foxonull,A,c, ,1,0,3, , ,0,0,44
44,1,foxonull,A,c, ,1,0,3, , ,0,0,44
44,1,foxonull,A,c, ,1,0,3, , ,0,0,44
44,1,foxonull,A,c, ,1,0,3, , ,0,0,44
44,1,foxonull,A,c, ,1,0,3, , ,0,0,44
44,1,foxonull,A,c, ,1,0,3, , ,0,0,44
44,2,foxonull,P,c, ,1,1,3, , ,44,1,44
44,1,foxonull,P,c, ,1,1,3, , ,44,1,44
44,1,foxonull,P,c, ,1,1,3, , ,44,1,44
44,1,foxonull,P,c, ,1,1,3, , ,44,1,44
44,1,foxonull,P,c, ,1,1,3, , ,44,1,44
44,1,foxonull,P,c, ,1,1,3, , ,44,1,44
44,1,foxonull,P,c, ,1,1,3, , ,44,1,44
44,1,foxonull,P,c, ,1,1,3, , ,44,1,44
44,1,foxonull,P,c, ,1,1,3, , ,44,1,44
44,1,foxonull,P,c, ,1,1,3, , ,44,1,44
44,1,foxonull,P,c, ,1,1,3, , ,44,1,44
44,1,foxonull,P,c, ,1,1,3, , ,44,1,44
44,1,foxonull,P,c, ,1,1,3, , ,44,1,44
44,3,wt,A,c, ,0,0,3, , ,0,0,0
44,2,wt,A,c, ,0,0,3, , ,0,0,0
44,2,wt,A,c, ,0,0,3, , ,0,0,0
44,1,wt,A,c, ,0,0,3, , ,0,0,0
44,1,wt,A,c, ,0,0,3, , ,0,0,0
44,1,wt,A,c, ,0,0,3, , ,0,0,0
44,1,wt,A,c, ,0,0,3, , ,0,0,0
44,1,wt,A,c, ,0,0,3, , ,0,0,0
44,1,wt,A,c, ,0,0,3, , ,0,0,0
44,3,wt,P,c, ,0,1,3, , ,44,0,0
44,3,wt,P,c, ,0,1,3, , ,44,0,0
44,3,wt,P,c, ,0,1,3, , ,44,0,0
44,2,wt,P,c, ,0,1,3, , ,44,0,0
44,2,wt,P,c, ,0,1,3, , ,44,0,0
44,2,wt,P,c, ,0,1,3, , ,44,0,0
44,2,wt,P,c, ,0,1,3, , ,44,0,0
44,2,wt,P,c, ,0,1,3, , ,44,0,0
44,1,wt,P,c, ,0,1,3, , ,44,0,0
44,1,wt,P,c, ,0,1,3, , ,44,0,0
44,1,wt,P,c, ,0,1,3, , ,44,0,0
44,1,wt,P,c, ,0,1,3, , ,44,0,0
47,1,foxonull,A,c, ,1,0,3, , ,0,0,47
47,1,foxonull,A,c, ,1,0,3, , ,0,0,47
47,1,foxonull,A,c, ,1,0,3, , ,0,0,47
47,1,foxonull,A,c, ,1,0,3, , ,0,0,47
47,1,foxonull,A,c, ,1,0,3, , ,0,0,47
47,2,foxonull,P,c, ,1,1,3, , ,47,1,47
47,1,foxonull,P,c, ,1,1,3, , ,47,1,47
47,1,foxonull,P,c, ,1,1,3, , ,47,1,47
47,1,foxonull,P,c, ,1,1,3, , ,47,1,47
47,1,foxonull,P,c, ,1,1,3, , ,47,1,47
47,1,foxonull,P,c, ,1,1,3, , ,47,1,47
47,1,foxonull,P,c, ,1,1,3, , ,47,1,47
47,1,foxonull,P,c, ,1,1,3, , ,47,1,47
47,1,foxonull,P,c, ,1,1,3, , ,47,1,47
47,1,foxonull,P,c, ,1,1,3, , ,47,1,47
47,1,foxonull,P,c, ,1,1,3, , ,47,1,47
47,3,wt,A,c, ,0,0,3, , ,0,0,0
47,2,wt,A,c, ,0,0,3, , ,0,0,0
47,2,wt,A,c, ,0,0,3, , ,0,0,0
47,1,wt,A,c, ,0,0,3, , ,0,0,0
47,1,wt,A,c, ,0,0,3, , ,0,0,0
47,1,wt,A,c, ,0,0,3, , ,0,0,0
47,1,wt,A,c, ,0,0,3, , ,0,0,0
47,1,wt,A,c, ,0,0,3, , ,0,0,0
47,1,wt,A,c, ,0,0,3, , ,0,0,0
47,1,wt,A,c, ,0,0,3, , ,0,0,0
47,3,wt,P,c, ,0,1,3, , ,47,0,0
47,3,wt,P,c, ,0,1,3, , ,47,0,0
47,3,wt,P,c, ,0,1,3, , ,47,0,0
47,3,wt,P,c, ,0,1,3, , ,47,0,0
47,2,wt,P,c, ,0,1,3, , ,47,0,0
47,2,wt,P,c, ,0,1,3, , ,47,0,0
47,1,wt,P,c, ,0,1,3, , ,47,0,0
47,1,wt,P,c, ,0,1,3, , ,47,0,0
47,1,wt,P,c, ,0,1,3, , ,47,0,0
47,1,wt,P,c, ,0,1,3, , ,47,0,0
47,1,wt,P,c, ,0,1,3, , ,47,0,0
47,1,wt,P,c, ,0,1,3, , ,47,0,0
