ID,pclass,survived,sex,age,sibsp,parch,ticket,fare,cabin,embarked,boat,body,home.dest
1,1,1,female,29,0,0,24160,211.3375,B5,S,2, ,"St Louis, MO"
2,1,1,male,0.9167,1,2,113781,151.55,C22 C26,S,11, ,"Montreal, PQ / Chesterville, ON"
3,1,0,female,2,1,2,113781,151.55,C22 C26,S, , ,"Montreal, PQ / Chesterville, ON"
4,1,0,male,30,1,2,113781,151.55,C22 C26,S, ,135,"Montreal, PQ / Chesterville, ON"
5,1,0,female,25,1,2,113781,151.55,C22 C26,S, , ,"Montreal, PQ / Chesterville, ON"
6,1,1,male,48,0,0,19952,26.55,E12,S,3, ,"New York, NY"
7,1,1,female,63,1,0,13502,77.9583,D7,S,10, ,"Hudson, NY"
8,1,0,male,39,0,0,112050,0,A36,S, , ,"Belfast, NI"
9,1,1,female,53,2,0,11769,51.4792,C101,S,D, ,"Bayside, Queens, NY"
10,1,0,male,71,0,0,PC 17609,49.5042, ,C, ,22,"Montevideo, Uruguay"
11,1,0,male,47,1,0,PC 17757,227.525,C62 C64,C, ,124,"New York, NY"
12,1,1,female,18,1,0,PC 17757,227.525,C62 C64,C,4, ,"New York, NY"
13,1,1,female,24,0,0,PC 17477,69.3,B35,C,9, ,"Paris, France"
14,1,1,female,26,0,0,19877,78.85, ,S,6, , 
15,1,1,male,80,0,0,27042,30,A23,S,B, ,"Hessle, Yorks"
16,1,0,male, ,0,0,PC 17318,25.925, ,S, , ,"New York, NY"
17,1,0,male,24,0,1,PC 17558,247.5208,B58 B60,C, , ,"Montreal, PQ"
18,1,1,female,50,0,1,PC 17558,247.5208,B58 B60,C,6, ,"Montreal, PQ"
19,1,1,female,32,0,0,11813,76.2917,D15,C,8, , 
20,1,0,male,36,0,0,13050,75.2417,C6,C,A, ,"Winnipeg, MN"
21,1,1,male,37,1,1,11751,52.5542,D35,S,5, ,"New York, NY"
22,1,1,female,47,1,1,11751,52.5542,D35,S,5, ,"New York, NY"
23,1,1,male,26,0,0,111369,30,C148,C,5, ,"New York, NY"
24,1,1,female,42,0,0,PC 17757,227.525, ,C,4, , 
25,1,1,female,29,0,0,PC 17483,221.7792,C97,S,8, , 
26,1,0,male,25,0,0,13905,26, ,C, ,148,"San Francisco, CA"
27,1,1,male,25,1,0,11967,91.0792,B49,C,7, ,"Dowagiac, MI"
28,1,1,female,19,1,0,11967,91.0792,B49,C,7, ,"Dowagiac, MI"
29,1,1,female,35,0,0,PC 17760,135.6333,C99,S,8, , 
30,1,1,male,28,0,0,110564,26.55,C52,S,D, ,"Stockholm, Sweden / Washington, DC"
31,1,0,male,45,0,0,113784,35.5,T,S, , ,"Trenton, NJ"
32,1,1,male,40,0,0,112277,31,A31,C,7, ,"Glen Ridge, NJ"
33,1,1,female,30,0,0,36928,164.8667,C7,S,8, ,"Youngstown, OH"
34,1,1,female,58,0,0,113783,26.55,C103,S,8, ,"Birkdale, England Cleveland, Ohio"
35,1,0,male,42,0,0,110489,26.55,D22,S, , ,"London / Winnipeg, MB"
36,1,1,female,45,0,0,PC 17608,262.375, ,C,4, ,"Cooperstown, NY"
37,1,1,female,22,0,1,113505,55,E33,S,6, ,"St Leonards-on-Sea, England Ohio"
38,1,1,male, ,0,0,111427,26.55, ,S,9, ,"Los Angeles, CA"
39,1,0,male,41,0,0,113054,30.5,A21,S, , ,"Pomeroy, WA"
40,1,0,male,48,0,0,PC 17591,50.4958,B10,C, ,208,"Omaha, NE"
41,1,0,male, ,0,0,112379,39.6, ,C, , ,"Philadelphia, PA"
42,1,1,female,44,0,0,PC 17610,27.7208,B4,C,6, ,"Denver, CO"
43,1,1,female,59,2,0,11769,51.4792,C101,S,D, ,"Belmont, MA"
44,1,1,female,60,0,0,11813,76.2917,D15,C,8, ,"Philadelphia, PA"
45,1,1,female,41,0,0,16966,134.5,E40,C,3, , 
46,1,0,male,45,0,0,113050,26.55,B38,S, , ,"Washington, DC"
47,1,0,male, ,0,0,113798,31, ,S, , , 
48,1,1,male,42,0,0,PC 17476,26.2875,E24,S,5, ,"New York, NY"
49,1,1,female,53,0,0,PC 17606,27.4458, ,C,6, ,"Washington, DC"
50,1,1,male,36,0,1,PC 17755,512.3292,B51 B53 B55,C,3, ,"Austria-Hungary / Germantown, Philadelphia, PA"
51,1,1,female,58,0,1,PC 17755,512.3292,B51 B53 B55,C,3, ,"Germantown, Philadelphia, PA"
52,1,0,male,33,0,0,695,5,B51 B53 B55,S, , ,"New York, NY"
53,1,0,male,28,0,0,113059,47.1, ,S, , ,"Montevideo, Uruguay"
54,1,0,male,17,0,0,113059,47.1, ,S, , ,"Montevideo, Uruguay"
55,1,1,male,11,1,2,113760,120,B96 B98,S,4, ,"Bryn Mawr, PA"
56,1,1,female,14,1,2,113760,120,B96 B98,S,4, ,"Bryn Mawr, PA"
57,1,1,male,36,1,2,113760,120,B96 B98,S,C, ,"Bryn Mawr, PA"
58,1,1,female,36,1,2,113760,120,B96 B98,S,4, ,"Bryn Mawr, PA"
59,1,0,male,49,0,0,19924,26, ,S, , ,"Ascot, Berkshire / Rochester, NY"
60,1,1,female, ,0,0,17770,27.7208, ,C,5, ,"New York, NY"
61,1,0,male,36,1,0,19877,78.85,C46,S, ,172,"Little Onn Hall, Staffs"
62,1,1,female,76,1,0,19877,78.85,C46,S,6, ,"Little Onn Hall, Staffs"
63,1,0,male,46,1,0,W.E.P. 5734,61.175,E31,S, , ,"Amenia, ND"
64,1,1,female,47,1,0,W.E.P. 5734,61.175,E31,S,4, ,"Amenia, ND"
65,1,1,male,27,1,0,113806,53.1,E8,S,5, ,"New York, NY / Ithaca, NY"
66,1,1,female,33,1,0,113806,53.1,E8,S,5, ,"New York, NY / Ithaca, NY"
67,1,1,female,36,0,0,PC 17608,262.375,B61,C,4, , 
68,1,1,female,30,0,0,110152,86.5,B77,S,8, ,"London, England"
69,1,1,male,45,0,0,PC 17594,29.7,A9,C,7, ,"Paris, France"
70,1,1,female, ,0,1,113505,55,E33,S,6, ,"St Leonards-on-Sea, England Ohio"
71,1,0,male, ,0,0,112051,0, ,S, , ,"Liverpool, England / Belfast"
72,1,0,male,27,1,0,13508,136.7792,C89,C, , ,"Los Angeles, CA"
73,1,1,female,26,1,0,13508,136.7792,C89,C,4, ,"Los Angeles, CA"
74,1,1,female,22,0,0,113781,151.55, ,S,11, , 
75,1,0,male, ,0,0,110465,52,A14,S, , ,"Stoughton, MA"
76,1,0,male,47,0,0,5727,25.5875,E58,S, , ,"Victoria, BC"
77,1,1,female,39,1,1,PC 17756,83.1583,E49,C,14, ,"Lakewood, NJ"
78,1,0,male,37,1,1,PC 17756,83.1583,E52,C, , ,"Lakewood, NJ"
79,1,1,female,64,0,2,PC 17756,83.1583,E45,C,14, ,"Lakewood, NJ"
80,1,1,female,55,2,0,11770,25.7,C101,S,2, ,"New York, NY"
81,1,0,male, ,0,0,113791,26.55, ,S, , ,"Roachdale, IN"
82,1,0,male,70,1,1,WE/P 5735,71,B22,S, ,269,"Milwaukee, WI"
83,1,1,female,36,0,2,WE/P 5735,71,B22,S,7, ,"Milwaukee, WI"
84,1,1,female,64,1,1,112901,26.55,B26,S,7, ,"Milwaukee, WI"
85,1,0,male,39,1,0,PC 17599,71.2833,C85,C, , ,"New York, NY"
86,1,1,female,38,1,0,PC 17599,71.2833,C85,C,4, ,"New York, NY"
87,1,1,male,51,0,0,113055,26.55,E17,S,5 9, ,"Lima, Peru"
88,1,1,male,27,0,0,113804,30.5, ,S,3, ,"Philadelphia, PA"
89,1,1,female,33,0,0,113781,151.55, ,S,8, , 
90,1,0,male,31,1,0,F.C. 12750,52,B71,S, , ,"Montreal, PQ"
91,1,1,female,27,1,2,F.C. 12750,52,B71,S,3, ,"Montreal, PQ"
92,1,1,male,31,1,0,17474,57,B20,S,3, ,"Calgary, AB"
93,1,1,female,17,1,0,17474,57,B20,S,3, ,"Calgary, AB"
94,1,1,male,53,1,1,33638,81.8583,A34,S,13, ,"San Francisco, CA"
95,1,1,male,4,0,2,33638,81.8583,A34,S,5, ,"San Francisco, CA"
96,1,1,female,54,1,1,33638,81.8583,A34,S,5, ,"San Francisco, CA"
97,1,0,male,50,1,0,PC 17761,106.425,C86,C, ,62,"Deephaven, MN / Cedar Rapids, IA"
98,1,1,female,27,1,1,PC 17558,247.5208,B58 B60,C,6, ,"Montreal, PQ"
99,1,1,female,48,1,0,PC 17761,106.425,C86,C,2, ,"Deephaven, MN / Cedar Rapids, IA"
100,1,1,female,48,1,0,11755,39.6,A16,C,1, ,London / Paris
101,1,1,male,49,1,0,PC 17485,56.9292,A20,C,1, ,London / Paris
102,1,0,male,39,0,0,PC 17580,29.7,A18,C, ,133,"Philadelphia, PA"
103,1,1,female,23,0,1,11767,83.1583,C54,C,7, ,"Mt Airy, Philadelphia, PA"
104,1,1,female,38,0,0,PC 17757,227.525,C45,C,4, ,"New York, NY"
105,1,1,female,54,1,0,36947,78.2667,D20,C,4, ,"Brookline, MA"
106,1,0,female,36,0,0,PC 17531,31.6792,A29,C, , ,"New York, NY"
107,1,0,male, ,0,0,PC 17483,221.7792,C95,S, , , 
108,1,1,female, ,0,0,PC 17598,31.6833, ,S,7, ,"New York, NY"
109,1,1,female, ,0,0,17421,110.8833, ,C,4, , 
110,1,1,male,36,0,0,PC 17474,26.3875,E25,S,5, ,"Brooklyn, NY"
111,1,0,male,30,0,0,113051,27.75,C111,C, , ,"New York, NY"
112,1,1,female,24,3,2,19950,263,C23 C25 C27,S,10, ,"Winnipeg, MB"
113,1,1,female,28,3,2,19950,263,C23 C25 C27,S,10, ,"Winnipeg, MB"
114,1,1,female,23,3,2,19950,263,C23 C25 C27,S,10, ,"Winnipeg, MB"
115,1,0,male,19,3,2,19950,263,C23 C25 C27,S, , ,"Winnipeg, MB"
116,1,0,male,64,1,4,19950,263,C23 C25 C27,S, , ,"Winnipeg, MB"
117,1,1,female,60,1,4,19950,263,C23 C25 C27,S,10, ,"Winnipeg, MB"
118,1,1,female,30,0,0,PC 17485,56.9292,E36,C,1, , 
119,1,0,male, ,0,0,113778,26.55,D34,S, , ,"Westcliff-on-Sea, Essex"
120,1,1,male,50,2,0,PC 17611,133.65, ,S,5, ,"New York, NY"
121,1,1,male,43,1,0,17765,27.7208,D40,C,5, ,"New York, NY"
122,1,1,female, ,1,0,PC 17611,133.65, ,S,5, ,"New York, NY"
123,1,1,female,22,0,2,13568,49.5,B39,C,5, ,"Zurich, Switzerland"
124,1,1,male,60,1,1,13567,79.2,B41,C,5, ,"Zurich, Switzerland"
125,1,1,female,48,1,1,13567,79.2,B41,C,5, ,"Zurich, Switzerland"
126,1,0,male, ,0,0,112058,0,B102,S, , , 
127,1,0,male,37,1,0,113803,53.1,C123,S, , ,"Scituate, MA"
128,1,1,female,35,1,0,113803,53.1,C123,S,D, ,"Scituate, MA"
129,1,0,male,47,0,0,111320,38.5,E63,S, ,275,"St Anne's-on-Sea, Lancashire"
130,1,1,female,35,0,0,113503,211.5,C130,C,4, , 
131,1,1,female,22,0,1,112378,59.4, ,C,7, ,"New York, NY"
132,1,1,female,45,0,1,112378,59.4, ,C,7, ,"New York, NY"
133,1,0,male,24,0,0,PC 17593,79.2,B86,C, , , 
134,1,1,male,49,1,0,17453,89.1042,C92,C,5, ,"Paris, France / New York, NY"
135,1,1,female, ,1,0,17453,89.1042,C92,C,5, ,"Paris, France / New York, NY"
136,1,0,male,71,0,0,PC 17754,34.6542,A5,C, , ,"New York, NY"
137,1,1,male,53,0,0,113780,28.5,C51,C,B, ,"Washington, DC"
138,1,1,female,19,0,0,112053,30,B42,S,3, ,"Greenwich, CT"
139,1,0,male,38,0,1,PC 17582,153.4625,C91,S, ,147,"Winnipeg, MB"
140,1,1,female,58,0,1,PC 17582,153.4625,C125,S,3, ,"Greenwich, CT"
141,1,1,male,23,0,1,PC 17759,63.3583,D10 D12,C,7, ,"New York, NY"
142,1,1,female,45,0,1,PC 17759,63.3583,D10 D12,C,7, ,"New York, NY"
143,1,0,male,46,0,0,PC 17593,79.2,B82 B84,C, , ,"New York, NY"
144,1,1,male,25,1,0,11765,55.4417,E50,C,5, ,"Brooklyn, NY"
145,1,1,female,25,1,0,11765,55.4417,E50,C,5, ,"Brooklyn, NY"
146,1,1,male,48,1,0,PC 17572,76.7292,D33,C,3, ,"New York, NY"
147,1,1,female,49,1,0,PC 17572,76.7292,D33,C,3, ,"New York, NY"
148,1,0,male, ,0,0,113796,42.4, ,S, , , 
149,1,0,male,45,1,0,36973,83.475,C83,S, , ,"New York, NY"
150,1,1,female,35,1,0,36973,83.475,C83,S,D, ,"New York, NY"
151,1,0,male,40,0,0,112059,0,B94,S, ,110, 
152,1,1,male,27,0,0,PC 17572,76.7292,D49,C,3, , 
153,1,1,male, ,0,0,16988,30,D45,S,3, ,"Kingston, Surrey"
154,1,1,female,24,0,0,11767,83.1583,C54,C,7, ,"New York, NY"
155,1,0,male,55,1,1,12749,93.5,B69,S, ,307,"Montreal, PQ"
156,1,1,female,52,1,1,12749,93.5,B69,S,3, ,"Montreal, PQ"
157,1,0,male,42,0,0,113038,42.5,B11,S, , ,London / Middlesex
158,1,0,male, ,0,0,17463,51.8625,E46,S, , ,"Brighton, MA"
159,1,0,male,55,0,0,680,50,C39,S, , ,London / Birmingham
160,1,1,female,16,0,1,111361,57.9792,B18,C,4, ,"Chicago, IL"
161,1,1,female,44,0,1,111361,57.9792,B18,C,4, ,"Chicago, IL"
162,1,1,female,51,1,0,13502,77.9583,D11,S,10, ,"Hudson, NY"
163,1,0,male,42,1,0,113789,52, ,S, ,38,"New York, NY"
164,1,1,female,35,1,0,113789,52, ,S,8, ,"New York, NY"
165,1,1,male,35,0,0,111426,26.55, ,C,15, ,"Indianapolis, IN"
166,1,1,male,38,1,0,19943,90,C93,S,D, ,"New York, NY /  Stamford CT"
167,1,0,male, ,0,0,PC 17600,30.6958, ,C,14, ,"New York, NY"
168,1,1,female,35,1,0,19943,90,C93,S,D, ,"New York, NY /  Stamford CT"
169,1,1,female,38,0,0,113572,80,B28, ,6, , 
170,1,0,female,50,0,0,PC 17595,28.7125,C49,C, , ,"Paris, France New York, NY"
171,1,1,male,49,0,0,112058,0,B52 B54 B56,S,C, ,Liverpool
172,1,0,male,46,0,0,694,26, ,S, ,80,"Bennington, VT"
173,1,0,male,50,0,0,113044,26,E60,S, , ,London
174,1,0,male,32.5,0,0,113503,211.5,C132,C, ,45, 
175,1,0,male,58,0,0,11771,29.7,B37,C, ,258,"Buffalo, NY"
176,1,0,male,41,1,0,17464,51.8625,D21,S, , ,"Southington / Noank, CT"
177,1,1,female, ,1,0,17464,51.8625,D21,S,8, ,"Southington / Noank, CT"
178,1,1,male,42,1,0,11753,52.5542,D19,S,5, ,"Boston, MA"
179,1,1,female,45,1,0,11753,52.5542,D19,S,5, ,"Boston, MA"
180,1,0,male, ,0,0,113028,26.55,C124,S, , ,"Portland, OR"
181,1,1,female,39,0,0,24160,211.3375, ,S,2, , 
182,1,1,female,49,0,0,17465,25.9292,D17,S,8, ,"New York, NY"
183,1,1,female,30,0,0,PC 17761,106.425, ,C,2, , 
184,1,1,male,35,0,0,PC 17755,512.3292,B101,C,3, , 
185,1,0,male, ,0,0,PC 17612,27.7208, ,C, , ,"Chicago, IL"
186,1,0,male,42,0,0,17475,26.55, ,S, , ,"Stockholm, Sweden"
187,1,1,female,55,0,0,112377,27.7208, ,C,6, ,"Stockholm, Sweden"
188,1,1,female,16,0,1,PC 17592,39.4,D28,S,9, ,"Paris, France"
189,1,1,female,51,0,1,PC 17592,39.4,D28,S,9, ,"Paris, France"
190,1,0,male,29,0,0,113501,30,D6,S, ,126,"Springfield, MA"
191,1,1,female,21,0,0,13502,77.9583,D9,S,10, ,"Hudson, NY"
192,1,0,male,30,0,0,113801,45.5, ,S, , ,"London / New York, NY"
193,1,1,female,58,0,0,PC 17569,146.5208,B80,C, , , 
194,1,1,female,15,0,1,24160,211.3375,B5,S,2, ,"St Louis, MO"
195,1,0,male,30,0,0,110469,26,C106,S, , ,"Brockton, MA"
196,1,1,female,16,0,0,110152,86.5,B79,S,8, , 
197,1,1,male, ,0,0,11774,29.7,C47,C,7, ,"Paris, France"
198,1,0,male,19,1,0,113773,53.1,D30,S, , ,"New York, NY"
199,1,1,female,18,1,0,113773,53.1,D30,S,10, ,"New York, NY"
200,1,1,female,24,0,0,PC 17482,49.5042,C90,C,6, ,"Belgium  Montreal, PQ"
201,1,0,male,46,0,0,13050,75.2417,C6,C, ,292,"Vancouver, BC"
202,1,0,male,54,0,0,17463,51.8625,E46,S, ,175,"Dorchester, MA"
203,1,1,male,36,0,0,PC 17473,26.2875,E25,S,7, ,"Philadelphia, PA"
204,1,0,male,28,1,0,PC 17604,82.1708, ,C, , ,"New York, NY"
205,1,1,female, ,1,0,PC 17604,82.1708, ,C,6, ,"New York, NY"
206,1,0,male,65,0,0,13509,26.55,E38,S, ,249,"East Bridgewater, MA"
207,1,0,male,44,2,0,19928,90,C78,Q, ,230,"Fond du Lac, WI"
208,1,1,female,33,1,0,19928,90,C78,Q,14, ,"Green Bay, WI"
209,1,1,female,37,1,0,19928,90,C78,Q,14, ,"Fond du Lac, WI"
210,1,1,male,30,1,0,13236,57.75,C78,C,11, ,"New York, NY"
211,1,0,male,55,0,0,113787,30.5,C30,S, , ,"Montreal, PQ"
212,1,0,male,47,0,0,113796,42.4, ,S, , ,"Washington, DC"
213,1,0,male,37,0,1,PC 17596,29.7,C118,C, , ,"Brooklyn, NY"
214,1,1,female,31,1,0,35273,113.275,D36,C,6, ,"Lexington, MA"
215,1,1,female,23,1,0,35273,113.275,D36,C,6, ,"Lexington, MA"
216,1,0,male,58,0,2,35273,113.275,D48,C, ,122,"Lexington, MA"
217,1,1,female,19,0,2,11752,26.2833,D47,S,5, ,"New York, NY"
218,1,0,male,64,0,0,693,26, ,S, ,263,"Isle of Wight, England"
219,1,1,female,39,0,0,PC 17758,108.9,C105,C,8, , 
220,1,1,male, ,0,0,F.C. 12998,25.7417, ,C,7, ,"Paris, France"
221,1,1,female,22,0,1,113509,61.9792,B36,C,5, ,"Providence, RI"
222,1,0,male,65,0,1,113509,61.9792,B30,C, ,234,"Providence, RI"
223,1,0,male,28.5,0,0,PC 17562,27.7208,D43,C, ,189,"?Havana, Cuba"
224,1,0,male, ,0,0,112052,0, ,S, , ,Belfast
225,1,0,male,45.5,0,0,113043,28.5,C124,S, ,166,"Surbiton Hill, Surrey"
226,1,0,male,23,0,0,12749,93.5,B24,S, , ,"Montreal, PQ"
227,1,0,male,29,1,0,113776,66.6,C2,S, , ,"Isleworth, England"
228,1,1,female,22,1,0,113776,66.6,C2,S,8, ,"Isleworth, England"
229,1,0,male,18,1,0,PC 17758,108.9,C65,C, , ,"Madrid, Spain"
230,1,1,female,17,1,0,PC 17758,108.9,C65,C,8, ,"Madrid, Spain"
231,1,1,female,30,0,0,12749,93.5,B73,S,3, , 
232,1,1,male,52,0,0,113786,30.5,C104,S,6, ,"Toronto, ON"
233,1,0,male,47,0,0,110465,52,C110,S, ,207,"Worcester, MA"
234,1,1,female,56,0,1,11767,83.1583,C50,C,7, ,"Mt Airy, Philadelphia, PA"
235,1,0,male,38,0,0,19972,0, ,S, , ,"Rotterdam, Netherlands"
236,1,1,male, ,0,0,PC 17607,39.6, ,S,A, ,"Paris /  New York, NY"
237,1,0,male,22,0,0,PC 17760,135.6333, ,C, ,232, 
238,1,0,male, ,0,0,PC 17757,227.525, ,C, , , 
239,1,1,female,43,0,1,24160,211.3375,B3,S,2, ,"St Louis, MO"
240,1,0,male,31,0,0,PC 17590,50.4958,A24,S, , ,"Trenton, NJ"
241,1,1,male,45,0,0,111428,26.55, ,S,9, ,"New York, NY"
242,1,0,male, ,0,0,113767,50,A32,S, , ,"Seattle, WA"
243,1,1,female,33,0,0,PC 17613,27.7208,A11,C,11, ,"Paris, France"
244,1,0,male,46,0,0,PC 17585,79.2, ,C, ,16,"New York, NY"
245,1,0,male,36,0,0,13049,40.125,A10,C, , ,"Winnipeg, MB"
246,1,1,female,33,0,0,110152,86.5,B77,S,8, ,"London  Vancouver, BC"
247,1,0,male,55,1,0,PC 17603,59.4, ,C, , ,"New York, NY"
248,1,1,female,54,1,0,PC 17603,59.4, ,C,6, ,"New York, NY"
249,1,0,male,33,0,0,113790,26.55, ,S, ,109,London
250,1,1,male,13,2,2,PC 17608,262.375,B57 B59 B63 B66,C,4, ,"Haverford, PA / Cooperstown, NY"
251,1,1,female,18,2,2,PC 17608,262.375,B57 B59 B63 B66,C,4, ,"Haverford, PA / Cooperstown, NY"
252,1,1,female,21,2,2,PC 17608,262.375,B57 B59 B63 B66,C,4, ,"Haverford, PA / Cooperstown, NY"
253,1,0,male,61,1,3,PC 17608,262.375,B57 B59 B63 B66,C, , ,"Haverford, PA / Cooperstown, NY"
254,1,1,female,48,1,3,PC 17608,262.375,B57 B59 B63 B66,C,4, ,"Haverford, PA / Cooperstown, NY"
255,1,1,male, ,0,0,19988,30.5,C106,S,3, ,"Manchester, England"
256,1,1,female,24,0,0,PC 17477,69.3,B35,C,9, , 
257,1,1,male, ,0,0,111163,26, ,S,1, ,"New York, NY"
258,1,1,female,35,1,0,13236,57.75,C28,C,11, ,"New York, NY"
259,1,1,female,30,0,0,113798,31, ,C,4, , 
260,1,1,male,34,0,0,113794,26.55, ,S,7, ,"New York, NY"
261,1,1,female,40,0,0,PC 17582,153.4625,C125,S,3, ,"New York, NY / Greenwich CT"
262,1,1,male,35,0,0,PC 17475,26.2875,E24,S,5, ,"St Louis, MO"
263,1,0,male,50,1,0,13507,55.9,E44,S, , ,"Duluth, MN"
264,1,1,female,39,1,0,13507,55.9,E44,S,11, ,"Duluth, MN"
265,1,1,male,56,0,0,13213,35.5,A26,C,3, ,"Basel, Switzerland"
266,1,1,male,28,0,0,113788,35.5,A6,S,7, ,"New Britain, CT"
267,1,0,male,56,0,0,113792,26.55, ,S, , ,"New York, NY"
268,1,0,male,56,0,0,17764,30.6958,A7,C, , ,"St James, Long Island, NY"
269,1,0,male,24,1,0,13695,60,C31,S, , ,"Huntington, WV"
270,1,0,male, ,0,0,113056,26,A19,S, , ,"Streatham, Surrey"
271,1,1,female,18,1,0,13695,60,C31,S,6, ,"Huntington, WV"
272,1,1,male,24,1,0,21228,82.2667,B45,S,7, ,"Minneapolis, MN"
273,1,1,female,23,1,0,21228,82.2667,B45,S,7, ,"Minneapolis, MN"
274,1,1,male,6,0,2,16966,134.5,E34,C,3, ,"Tuxedo Park, NY"
275,1,1,male,45,1,1,16966,134.5,E34,C,3, ,"Tuxedo Park, NY"
276,1,1,female,40,1,1,16966,134.5,E34,C,3, ,"Tuxedo Park, NY"
277,1,0,male,57,1,0,PC 17569,146.5208,B78,C, , ,"Paris, France"
278,1,1,female, ,1,0,PC 17569,146.5208,B78,C,6, ,"Paris, France"
279,1,1,male,32,0,0,13214,30.5,B50,C,3, ,"Basel, Switzerland"
280,1,0,male,62,0,0,113514,26.55,C87,S, , ,"Wimbledon Park, London / Hayling Island, Hants"
281,1,1,male,54,1,0,11778,55.4417,C116,C,1, ,"Newark, NJ"
282,1,1,female,43,1,0,11778,55.4417,C116,C,5, ,"Newark, NJ"
283,1,1,female,52,1,0,36947,78.2667,D20,C,4, ,"Haverford, PA"
284,1,0,male, ,0,0,PC 17605,27.7208, ,C, , ,"Gallipolis, Ohio / ? Paris / New York"
285,1,1,female,62,0,0,113572,80,B28, ,6, ,"Cincinatti, OH"
286,1,0,male,67,1,0,PC 17483,221.7792,C55 C57,S, ,96,"New York, NY"
287,1,0,female,63,1,0,PC 17483,221.7792,C55 C57,S, , ,"New York, NY"
288,1,0,male,61,0,0,36963,32.3208,D50,S, ,46,"Haddenfield, NJ"
289,1,1,female,48,0,0,17466,25.9292,D17,S,8, ,"Brooklyn, NY"
290,1,1,female,18,0,2,110413,79.65,E68,S,8, ,"New York, NY"
291,1,0,male,52,1,1,110413,79.65,E67,S, , ,"New York, NY"
292,1,1,female,39,1,1,110413,79.65,E67,S,8, ,"New York, NY"
293,1,1,male,48,1,0,19996,52,C126,S,5 7, ,"London /  East Orange, NJ"
294,1,1,female, ,1,0,19996,52,C126,S,5 7, ,"London /  East Orange, NJ"
295,1,0,male,49,1,1,17421,110.8833,C68,C, , ,"Haverford, PA"
296,1,1,male,17,0,2,17421,110.8833,C70,C,B, ,"Haverford, PA"
297,1,1,female,39,1,1,17421,110.8833,C68,C,4, ,"Haverford, PA"
298,1,1,female, ,0,0,PC 17585,79.2, ,C,D, ,"New York, NY"
299,1,1,male,31,0,0,2543,28.5375,C53,C,7, ,"Albany, NY"
300,1,0,male,40,0,0,PC 17601,27.7208, ,C, , ,"Mexico City, Mexico"
301,1,0,male,61,0,0,111240,33.5,B19,S, ,245,"Brooklyn, NY"
302,1,0,male,47,0,0,36967,34.0208,D46,S, , ,"East Orange, NJ"
303,1,1,female,35,0,0,PC 17755,512.3292, ,C,3, , 
304,1,0,male,64,1,0,110813,75.25,D37,C, , ,"Portland, OR"
305,1,1,female,60,1,0,110813,75.25,D37,C,5, ,"Portland, OR"
306,1,0,male,60,0,0,113800,26.55, ,S, , ,"England Salt Lake City, Utah"
307,1,0,male,54,0,1,35281,77.2875,D26,S, , ,"Brunswick, ME"
308,1,0,male,21,0,1,35281,77.2875,D26,S, ,169,"Brunswick, ME"
309,1,1,female,55,0,0,PC 17760,135.6333,C32,C,8, ,"New York, NY / Briarcliff Manor NY"
310,1,1,female,31,0,2,36928,164.8667,C7,S,8, ,"Youngstown, OH"
311,1,0,male,57,1,1,36928,164.8667, ,S, , ,"Youngstown, OH"
312,1,1,female,45,1,1,36928,164.8667, ,S,8, ,"Youngstown, OH"
313,1,0,male,50,1,1,113503,211.5,C80,C, , ,"Elkins Park, PA"
314,1,0,male,27,0,2,113503,211.5,C82,C, , ,"Elkins Park, PA"
315,1,1,female,50,1,1,113503,211.5,C80,C,4, ,"Elkins Park, PA"
316,1,1,female,21,0,0,113795,26.55, ,S,8 10, ,"Duluth, MN"
317,1,0,male,51,0,1,PC 17597,61.3792, ,C, , ,"Geneva, Switzerland / Radnor, PA"
318,1,1,male,21,0,1,PC 17597,61.3792, ,C,A, ,"Geneva, Switzerland / Radnor, PA"
319,1,0,male, ,0,0,113510,35,C128,S, , ,"London, England"
320,1,1,female,31,0,0,16966,134.5,E39 E41,C,3, , 
321,1,1,male, ,0,0,19947,35.5,C52,S,D, ,"London, England"
322,1,0,male,62,0,0,113807,26.55, ,S, , ,"Halifax, NS"
323,1,1,female,36,0,0,PC 17760,135.6333,C32,C,8, ,"New York, NY / Washington, DC"
324,2,0,male,30,1,0,P/PP 3381,24, ,C, , ,"Russia New York, NY"
325,2,1,female,28,1,0,P/PP 3381,24, ,C,10, ,"Russia New York, NY"
326,2,0,male,30,0,0,248744,13, ,S, , ,"Bryn Mawr, PA, USA"
327,2,0,male,18,0,0,231945,11.5, ,S, , ,"Buenos Aires, Argentina / New Jersey, NJ"
328,2,0,male,25,0,0,C.A. 34050,10.5, ,S, , ,"Cornwall, England Houghton, MI"
329,2,0,male,34,1,0,226875,26, ,S, , ,"Warwick, England"
330,2,1,female,36,1,0,226875,26, ,S,11, ,"Warwick, England"
331,2,0,male,57,0,0,244346,13, ,S, , ,"West Hoboken, NJ"
332,2,0,male,18,0,0,29108,11.5, ,S, , ,"Penzance, Cornwall / Akron, OH"
333,2,0,male,23,0,0,C.A. 31030,10.5, ,S, , ,Guernsey
334,2,1,female,36,0,0,28551,13,D,S,10, ,"Bristol, Avon / Jacksonville, FL"
335,2,0,male,28,0,0,C.A./SOTON 34068,10.5, ,S, , ,"Plymouth, Dorset / Houghton, MI"
336,2,0,male,51,0,0,S.O.P. 1166,12.525, ,S, ,174,"Jacksonville, FL"
337,2,1,male,32,1,0,2908,26, ,S,13, ,"Norwich / New York, NY"
338,2,1,female,19,1,0,2908,26, ,S,13, ,"Norwich / New York, NY"
339,2,0,male,28,0,0,244358,26, ,S, , ,England
340,2,1,male,1,2,1,230136,39,F4,S,11, ,"Guntur, India / Benton Harbour, MI"
341,2,1,female,4,2,1,230136,39,F4,S,11, ,"Guntur, India / Benton Harbour, MI"
342,2,1,female,12,2,1,230136,39,F4,S,13, ,"Guntur, India / Benton Harbour, MI"
343,2,1,female,36,0,3,230136,39,F4,S,11, ,"Guntur, India / Benton Harbour, MI"
344,2,1,male,34,0,0,248698,13,D56,S,13, ,London
345,2,1,female,19,0,0,28404,13, ,S,12, ,"Rochester, NY"
346,2,0,male,23,0,0,28425,13, ,S, , ,"St Ives, Cornwall / Calumet, MI"
347,2,0,male,26,0,0,237670,13, ,S, , ,"Elmira, NY / Orange, NJ"
348,2,0,male,42,0,0,211535,13, ,S, , ,London
349,2,0,male,27,0,0,220367,13, ,S, , ,"Lake Arthur, Chavez County, NM"
350,2,1,female,24,0,0,248733,13,F33,S,11, ,"London / Montreal, PQ"
351,2,1,female,15,0,2,29750,39, ,S,14, ,"Cape Town, South Africa / Seattle, WA"
352,2,0,male,60,1,1,29750,39, ,S, , ,"Cape Town, South Africa / Seattle, WA"
353,2,1,female,40,1,1,29750,39, ,S,14, ,"Cape Town, South Africa / Seattle, WA"
354,2,1,female,20,1,0,236853,26, ,S,12, ,"Skara, Sweden / Rockford, IL"
355,2,0,male,25,1,0,236853,26, ,S, , ,"Skara, Sweden / Rockford, IL"
356,2,1,female,36,0,0,27849,13, ,S,9, ,"Sittingbourne, England / San Diego, CA"
357,2,0,male,25,0,0,234686,13, ,S, ,97,"Southsea, Hants"
358,2,0,male,42,0,0,244310,13, ,S, , ,London
359,2,1,female,42,0,0,236852,13, ,S, , ,"New York, NY"
360,2,1,male,0.8333,0,2,248738,29, ,S,13, ,"Bangkok, Thailand / Roseville, IL"
361,2,1,male,26,1,1,248738,29, ,S,13, ,"Bangkok, Thailand / Roseville, IL"
362,2,1,female,22,1,1,248738,29, ,S,13, ,"Bangkok, Thailand / Roseville, IL"
363,2,1,female,35,0,0,F.C.C. 13528,21, ,S,14, ,"Mamaroneck, NY"
364,2,0,male, ,0,0,239853,0, ,S, , ,Belfast
365,2,0,male,19,0,0,28424,13, ,S, ,18,"St Ives, Cornwall / Calumet, MI"
366,2,0,female,44,1,0,244252,26, ,S, , ,London
367,2,0,male,54,1,0,244252,26, ,S, , ,London
368,2,0,male,52,0,0,248731,13.5, ,S, ,130,"Bronx, NY"
369,2,0,male,37,1,0,SC/AH 29037,26, ,S, ,17,"Cornwall / Spokane, WA"
370,2,0,female,29,1,0,SC/AH 29037,26, ,S, , ,"Cornwall / Spokane, WA"
371,2,1,female,25,1,1,237789,30, ,S,12, ,London
372,2,1,female,45,0,2,237789,30, ,S,12, ,London
373,2,0,male,29,1,0,2003,26, ,S, , ,"England / San Francisco, CA"
374,2,1,female,28,1,0,2003,26, ,S,14, ,"England / San Francisco, CA"
375,2,0,male,29,0,0,W./C. 14263,10.5, ,S, , ,"Hartford, Huntingdonshire"
376,2,0,male,28,0,0,248740,13, ,S, , ,"Helsinki, Finland Ashtabula, Ohio"
377,2,1,male,24,0,0,28034,10.5, ,S,9, ,"London / Fort Byron, NY"
378,2,1,female,8,0,2,C.A. 31921,26.25, ,S,14, ,"Bishopstoke, Hants / Fayette Valley, ID"
379,2,0,male,31,1,1,C.A. 31921,26.25, ,S, , ,"Bishopstoke, Hants / Fayette Valley, ID"
380,2,1,female,31,1,1,C.A. 31921,26.25, ,S,14, ,"Bishopstoke, Hants / Fayette Valley, ID"
381,2,1,female,22,0,0,W./C. 14266,10.5,F33,S,14, ,Pennsylvania
382,2,0,female,30,0,0,237249,13, ,S, , ,"Provo, UT"
383,2,0,female, ,0,0,F.C.C. 13534,21, ,S, , ,"Upper Burma, India Pittsburgh, PA"
384,2,0,male,21,0,0,29107,11.5, ,S, , ,"Penzance, Cornwall / Akron, OH"
385,2,0,male, ,0,0,239853,0, ,S, , ,Belfast
386,2,1,male,8,1,1,C.A. 33112,36.75, ,S,14, ,"St Ives, Cornwall / Hancock, MI"
387,2,0,male,18,0,0,S.O.C. 14879,73.5, ,S, , ,"Lyndhurst, England"
388,2,1,female,48,0,2,C.A. 33112,36.75, ,S,14, ,"St Ives, Cornwall / Hancock, MI"
389,2,1,female,28,0,0,237668,13, ,S,13, ,"London / Staten Island, NY"
390,2,0,male,32,0,0,244360,13, ,S, , ,"Portugal / Sau Paulo, Brazil"
391,2,0,male,17,0,0,S.O.C. 14879,73.5, ,S, , , 
392,2,0,male,29,1,0,SC/PARIS 2167,27.7208, ,C, ,295,"Lucca, Italy / California"
393,2,1,female,24,1,0,SC/PARIS 2167,27.7208, ,C,12, ,"Lucca, Italy / California"
394,2,0,male,25,0,0,C.A. 31029,31.5, ,S, , ,"Guernsey / Elizabeth, NJ"
395,2,0,male,18,0,0,S.O.C. 14879,73.5, ,S, , ,"New Forest, England"
396,2,1,female,18,0,1,231919,23, ,S, , ,Southampton
397,2,1,female,34,0,1,231919,23, ,S, , ,Southampton
398,2,0,male,54,0,0,28403,26, ,S, , ,"Holley, NY"
399,2,1,male,8,0,2,28220,32.5, ,S,10, ,"Greenport, NY"
400,2,0,male,42,1,1,28220,32.5, ,S, , ,"Greenport, NY"
401,2,1,female,34,1,1,28220,32.5, ,S,10, ,"Greenport, NY"
402,2,1,female,27,1,0,SC/PARIS 2149,13.8583, ,C,12, ,"Barcelona, Spain / Havana, Cuba"
403,2,1,female,30,1,0,SC/PARIS 2148,13.8583, ,C,12, ,"Barcelona, Spain / Havana, Cuba"
404,2,0,male,23,0,0,29751,13, ,S, , ,"England / Detroit, MI"
405,2,0,male,21,0,0,236854,13, ,S, , ,"Goteborg, Sweden / Rockford, IL"
406,2,0,male,18,0,0,236171,13, ,S, , ,"Oslo, Norway Bayonne, NJ"
407,2,0,male,40,1,0,2926,26, ,S, ,286,"England / Philadelphia, PA"
408,2,1,female,29,1,0,2926,26, ,S,16, , 
409,2,0,male,18,0,0,C.A. 15185,10.5, ,S, , ,"Cornwall / Houghton, MI"
410,2,0,male,36,0,0,229236,13, ,S, ,236,"Rochester, NY"
411,2,0,male, ,0,0,239854,0, ,S, , ,Belfast
412,2,0,female,38,0,0,237671,13, ,S, , ,"Janjgir, India / Pennsylvania"
413,2,0,male,35,0,0,239865,26, ,S, ,322,"Liverpool / Montreal, PQ"
414,2,0,male,38,1,0,28664,21, ,S, , ,"Cornwall / Clear Creek, CO"
415,2,0,male,34,1,0,28664,21, ,S, , ,"Cornwall / Clear Creek, CO"
416,2,1,female,34,0,0,243880,13, ,S,12, ,"Brooklyn, NY"
417,2,0,male,16,0,0,239865,26, ,S, , ,"Liverpool / Montreal, PQ"
418,2,0,male,26,0,0,31028,10.5, ,S, , ,"Guernsey / Elizabeth, NJ"
419,2,0,male,47,0,0,C.A. 30769,10.5, ,S, , ,Cornwall
420,2,0,male,21,1,0,28133,11.5, ,S, , ,"Cornwall / Camden, NJ"
421,2,0,male,21,1,0,28134,11.5, ,S, , ,"Cornwall / Camden, NJ"
422,2,0,male,24,0,0,248726,13.5, ,S, ,297,"West Kensington, London"
423,2,0,male,24,0,0,233866,13, ,S, ,155,"Clevedon, England"
424,2,0,male,34,0,0,12233,13, ,S, , ,"Vancouver, BC"
425,2,0,male,30,0,0,250646,13, ,S, ,305, 
426,2,0,male,52,0,0,250647,13, ,S, ,19,"Bronx, NY"
427,2,0,male,30,0,0,250653,13, ,S, ,75,"Auburn, NY"
428,2,1,male,0.6667,1,1,250649,14.5, ,S,4, ,"Detroit, MI"
429,2,1,female,24,0,2,250649,14.5, ,S,4, ,"Detroit, MI"
430,2,0,male,44,0,0,248746,13, ,S, ,35,"Seattle, WA / Toledo, OH"
431,2,1,female,6,0,1,248727,33, ,S,11, ,"Denmark Hill, Surrey / Chicago"
432,2,0,male,28,0,1,248727,33, ,S, , ,"Denmark Hill, Surrey / Chicago"
433,2,1,male,62,0,0,S.W./PP 752,10.5, ,S,15, ,London
434,2,0,male,30,0,0,W/C 14208,10.5, ,S, , ,"Walthamstow, England"
435,2,1,female,7,0,2,F.C.C. 13529,26.25, ,S,14, ,"Ilford, Essex / Winnipeg, MB"
436,2,0,male,43,1,1,F.C.C. 13529,26.25, ,S, , ,"Ilford, Essex / Winnipeg, MB"
437,2,1,female,45,1,1,F.C.C. 13529,26.25, ,S,14, ,"Ilford, Essex / Winnipeg, MB"
438,2,1,female,24,1,2,220845,65, ,S,9, ,"Somerset / Bernardsville, NJ"
439,2,1,female,24,1,2,220845,65, ,S,9, ,"Somerset / Bernardsville, NJ"
440,2,0,male,49,1,2,220845,65, ,S, , ,"Somerset / Bernardsville, NJ"
441,2,1,female,48,1,2,220845,65, ,S,9, ,"Somerset / Bernardsville, NJ"
442,2,1,female,55,0,0,248706,16, ,S,13, ,"India / Rapid City, SD"
443,2,0,male,24,2,0,S.O.C. 14879,73.5, ,S, , ,"West Hampstead, London / Neepawa, MB"
444,2,0,male,32,2,0,S.O.C. 14879,73.5, ,S, ,256,"West Hampstead, London / Neepawa, MB"
445,2,0,male,21,2,0,S.O.C. 14879,73.5, ,S, , ,"West Hampstead, London / Neepawa, MB"
446,2,0,female,18,1,1,250650,13, ,S, , ,"Kontiolahti, Finland / Detroit, MI"
447,2,1,female,20,2,1,29105,23, ,S,4, ,"Cornwall / Akron, OH"
448,2,0,male,23,2,1,29104,11.5, ,S, , ,"Cornwall / Akron, OH"
449,2,0,male,36,0,0,242963,13, ,S, , ,"Devonport, England"
450,2,1,female,54,1,3,29105,23, ,S,4, ,"Cornwall / Akron, OH"
451,2,0,male,50,0,0,250643,13, ,S, ,149,Southampton
452,2,0,male,44,1,0,26707,26, ,S, , ,"England / Sacramento, CA"
453,2,1,female,29,1,0,26707,26, ,S,10, ,"England / Sacramento, CA"
454,2,0,male,21,0,0,S.O.C. 14879,73.5, ,S, , ,"New Forest, England"
455,2,1,male,42,0,0,237798,13, ,S,10, ,"Tokyo, Japan"
456,2,0,male,63,1,0,24065,26, ,S, , ,"Swindon, England"
457,2,0,female,60,1,0,24065,26, ,S, , ,"Swindon, England"
458,2,0,male,33,0,0,SCO/W 1585,12.275, ,S, , ,"Philadelphia, PA"
459,2,1,female,17,0,0,SO/C 14885,10.5, ,S, , ,Guernsey
460,2,0,male,42,1,0,243847,27, ,S, , ,London
461,2,1,female,24,2,1,243847,27, ,S,12, ,London
462,2,0,male,47,0,0,237565,15, ,S, , ,"North Evington, England"
463,2,0,male,24,2,0,C.A. 31029,31.5, ,S, , ,"Guernsey / Elizabeth, NJ"
464,2,0,male,22,2,0,C.A. 31029,31.5, ,S, , ,"Guernsey / Elizabeth, NJ"
465,2,0,male,32,0,0,C.A. 33111,10.5, ,S, , ,"St Ives, Cornwall / Houghton, MI"
466,2,1,female,23,0,0,SC/AH Basle 541,13.7917,D,C,11, ,"New York, NY"
467,2,0,male,34,1,0,244367,26, ,S, ,283,"Moscow / Bronx, NY"
468,2,1,female,24,1,0,244367,26, ,S,12, ,"Moscow / Bronx, NY"
469,2,0,female,22,0,0,F.C.C. 13534,21, ,S, , ,"India / Pittsburgh, PA"
470,2,1,female, ,0,0,226593,12.35,E101,Q,10, ,"Harrisburg, PA"
471,2,0,male,35,0,0,233734,12.35, ,Q, , , 
472,2,1,female,45,0,0,223596,13.5, ,S,9, ,"London / New York, NY"
473,2,0,male,57,0,0,219533,12.35, ,Q, , ,"Glasgow / Bangor, ME"
474,2,0,male, ,0,0,239855,0, ,S, , ,Belfast
475,2,0,male,31,0,0,C.A. 18723,10.5, ,S, ,165,"Sweden / Arlington, NJ"
476,2,0,female,26,1,1,250651,26, ,S, , ,"Minneapolis, MN"
477,2,0,male,30,1,1,250651,26, ,S, , ,"Minneapolis, MN"
478,2,0,male, ,0,0,240261,10.7083, ,Q, , , 
479,2,1,female,1,1,2,SC/Paris 2123,41.5792, ,C,14, ,Paris / Haiti
480,2,1,female,3,1,2,SC/Paris 2123,41.5792, ,C,14, ,Paris / Haiti
481,2,0,male,25,1,2,SC/Paris 2123,41.5792, ,C, , ,Paris / Haiti
482,2,1,female,22,1,2,SC/Paris 2123,41.5792, ,C,14, ,Paris / Haiti
483,2,1,female,17,0,0,SC 1748,12, ,C,12, ,"Berne, Switzerland / Central City, IA"
484,2,1,female, ,0,0,248727,33, ,S,11, ,"London / Chicago, IL"
485,2,1,female,34,0,0,C.A. 34260,10.5,F33,S,14, ,"Chicago, IL"
486,2,0,male,36,0,0,SC/Paris 2163,12.875,D,C, , ,"Montreal, PQ"
487,2,0,male,24,0,0,C.A. 29566,10.5, ,S, ,108, 
488,2,0,male,61,0,0,235509,12.35, ,Q, , , 
489,2,0,male,50,1,0,SC/AH 3085,26, ,S, ,121,"Weston-Super-Mare, Somerset"
490,2,1,female,42,1,0,SC/AH 3085,26, ,S, , ,"Weston-Super-Mare, Somerset"
491,2,0,female,57,0,0,S.O./P.P. 3,10.5,E77,S, ,52,"Southampton / New York, NY"
492,2,0,male, ,0,0,237735,15.0458,D,C, , ,Paris
493,2,1,male,1,0,2,S.C./PARIS 2079,37.0042, ,C,10, ,"Paris / Montreal, PQ"
494,2,0,male,31,1,1,S.C./PARIS 2079,37.0042, ,C, , ,"Paris / Montreal, PQ"
495,2,1,female,24,1,1,S.C./PARIS 2079,37.0042, ,C,10, ,"Paris / Montreal, PQ"
496,2,0,male, ,0,0,SC/A.3 2861,15.5792, ,C, , ,"New York, NY"
497,2,0,male,30,0,0,28228,13, ,S, , ,"St Austall, Cornwall"
498,2,0,male,40,0,0,239059,16, ,S, , ,"Weston-Super-Mare / Moose Jaw, SK"
499,2,0,male,32,0,0,237216,13.5, ,S, ,209,"Sydney, Australia"
500,2,0,male,30,0,0,233478,13, ,S, , ,"Sarnia, ON"
501,2,0,male,46,0,0,28403,26, ,S, , ,"Rochester, NY"
502,2,1,female,13,0,1,250644,19.5, ,S,14, ,"England / Bennington, VT"
503,2,1,female,41,0,1,250644,19.5, ,S,14, ,"England / Bennington, VT"
504,2,1,male,19,0,0,SW/PP 751,10.5, ,S,B, ,"Chelsea, London"
505,2,0,male,39,0,0,248723,13, ,S, , ,"Harrow-on-the-Hill, Middlesex"
506,2,0,male,48,0,0,234360,13, ,S, ,271,"Copenhagen, Denmark"
507,2,0,male,70,0,0,C.A. 24580,10.5, ,S, , ,"Guernsey / Montclair, NJ and/or Toledo, Ohio"
508,2,0,male,27,0,0,211536,13, ,S, , ,"Worcester, MA"
509,2,0,male,54,0,0,29011,14, ,S, , ,"Frankfort, KY"
510,2,0,male,39,0,0,250655,26, ,S, , , 
511,2,0,male,16,0,0,S.O./P.P. 3,10.5, ,S, , ,"Halesworth, England"
512,2,0,male,62,0,0,240276,9.6875, ,Q, , ,"Cambridge, MA"
513,2,0,male,32.5,1,0,237736,30.0708, ,C, ,43,"New York, NY"
514,2,1,female,14,1,0,237736,30.0708, ,C, , ,"New York, NY"
515,2,1,male,2,1,1,230080,26,F2,S,D, ,"Nice, France"
516,2,1,male,3,1,1,230080,26,F2,S,D, ,"Nice, France"
517,2,0,male,36.5,0,2,230080,26,F2,S, ,15,"Nice, France"
518,2,0,male,26,0,0,244368,13,F2,S, , ,"Boston, MA"
519,2,0,male,19,1,1,C.A. 33112,36.75, ,S, ,101,"Cornwall / Hancock, MI"
520,2,0,male,28,0,0,218629,13.5, ,S, ,287,Glasgow
521,2,1,male,20,0,0,SC/PARIS 2166,13.8625,D38,C,7, ,"Cologne, Germany"
522,2,1,female,29,0,0,C.A. 29395,10.5,F33,S,11, ,"Folkstone, Kent / New York, NY"
523,2,0,male,39,0,0,28213,13, ,S, , ,"Middleburg Heights, OH"
524,2,1,male,22,0,0,W./C. 14260,10.5, ,S,13, ,"Pondersend, England / New Durham, NJ"
525,2,1,male, ,0,0,SC/PARIS 2146,13.8625, ,C,9, ,"Spain / Havana, Cuba"
526,2,0,male,23,0,0,244278,10.5, ,S, , ,"Hamilton, ON"
527,2,1,male,29,0,0,SC/PARIS 2147,13.8583, ,C,9, ,"Spain / Havana, Cuba"
528,2,0,male,28,0,0,SC 14888,10.5, ,S, , ,"St Andrews, Guernsey"
529,2,0,male, ,0,0,239853,0, ,S, , ,Belfast
530,2,1,female,50,0,1,230433,26, ,S,12, ,"Woodford County, KY"
531,2,0,male,19,0,0,28665,10.5, ,S, , ,"Gunnislake, England / Butte, MT"
532,2,0,male, ,0,0,SC/PARIS 2131,15.05, ,C, , , 
533,2,0,male,41,0,0,237393,13, ,S, , , 
534,2,1,female,21,0,1,S.O./P.P. 2,21, ,S,12, ,"Ilfracombe, Devon"
535,2,1,female,19,0,0,250655,26, ,S,11, ,"Worcester, England"
536,2,0,male,43,0,1,S.O./P.P. 2,21, ,S, , ,"Ilfracombe, Devon"
537,2,1,female,32,0,0,234604,13, ,S,9, ,Russia
538,2,0,male,34,0,0,250647,13, ,S, , ,"Denmark / New York, NY"
539,2,1,male,30,0,0,C.A. 34644,12.7375, ,C,14, ,"Milford, NH"
540,2,0,male,27,0,0,SC/PARIS 2168,15.0333, ,C, , ,Paris
541,2,1,female,2,1,1,26360,26, ,S,11, ,"Plymouth, Devon / Detroit, MI"
542,2,1,female,8,1,1,26360,26, ,S,11, ,"Plymouth, Devon / Detroit, MI"
543,2,1,female,33,0,2,26360,26, ,S,11, ,"Plymouth, Devon / Detroit, MI"
544,2,0,male,36,0,0,C.A. 17248,10.5, ,S, , ,"Brighton, Sussex"
545,2,0,male,34,1,0,31027,21, ,S,12, ,"Elizabeth, NJ"
546,2,1,female,30,3,0,31027,21, ,S, , ,"Elizabeth, NJ"
547,2,1,female,28,0,0,230434,13, ,S,9, ,Spain
548,2,0,male,23,0,0,SC/PARIS 2133,15.0458, ,C, , ,"Paris / Montreal, PQ"
549,2,1,male,0.8333,1,1,29106,18.75, ,S,4, ,"Cornwall / Akron, OH"
550,2,1,male,3,1,1,29106,18.75, ,S,4, ,"Cornwall / Akron, OH"
551,2,1,female,24,2,3,29106,18.75, ,S,4, ,"Cornwall / Akron, OH"
552,2,1,female,50,0,0,W./C. 14258,10.5, ,S,13, ,"London, England / Marietta, Ohio and Milwaukee, WI"
553,2,0,male,19,0,0,28004,10.5, ,S, , , 
554,2,1,female,21,0,0,C.A. 31026,10.5, ,S,12, ,"Guernsey / Wilmington, DE"
555,2,0,male,26,0,0,248659,13, ,S, , ,"Newark, NJ"
556,2,0,male,25,0,0,244361,13, ,S, , ,Liverpool
557,2,0,male,27,0,0,244358,26, ,S, , ,"Hornsey, England"
558,2,1,female,25,0,1,230433,26, ,S,12, ,"Deer Lodge, MT"
559,2,1,female,18,0,2,250652,13, ,S,16, ,"Finland / Minneapolis, MN"
560,2,1,female,20,0,0,C.A. 33112,36.75, ,S,11, ,"Cornwall / Hancock, MI"
561,2,1,female,30,0,0,250648,13, ,S,10, ,"Finland / Washington, DC"
562,2,0,male,59,0,0,237442,13.5, ,S, , ,"Sault St Marie, ON"
563,2,1,female,30,0,0,234818,12.35, ,Q,13, ,"Halifax, NS"
564,2,0,male,35,0,0,28206,10.5, ,S, , ,Cornwall
565,2,1,female,40,0,0,31418,13, ,S,9, , 
566,2,0,male,25,0,0,C.A. 29178,13, ,S, , ,"Cornwall / Houghton, MI"
567,2,0,male,41,0,0,237734,15.0458, ,C, , ,"New York, NY"
568,2,0,male,25,0,0,F.C.C. 13540,10.5, ,S, ,81,"Catford, Kent / Detroit, MI"
569,2,0,male,18.5,0,0,248734,13,F,S, ,294, 
570,2,0,male,14,0,0,220845,65, ,S, , ,"Somerset / Bernardsville, NJ"
571,2,1,female,50,0,0,F.C.C. 13531,10.5, ,S,9, ,"Indianapolis, IN"
572,2,0,male,23,0,0,233639,13, ,S, , , 
573,2,1,female,28,0,0,240929,12.65, ,S, , ,"Columbus, OH"
574,2,1,female,27,0,0,34218,10.5,E101,S,16, ,"Bath, England / Massachusetts"
575,2,0,male,29,1,0,11668,21, ,S, , ,"Plymouth, England"
576,2,0,female,27,1,0,11668,21, ,S, , ,"Plymouth, England"
577,2,0,male,40,0,0,28221,13, ,S, , ,"Barre, Co Washington, VT"
578,2,1,female,31,0,0,F.C.C. 13528,21, ,S,14, ,"Mamaroneck, NY"
579,2,0,male,30,1,0,CA 31352,21, ,S, , ,"Bristol, England / New Britain, CT"
580,2,0,male,23,1,0,28666,10.5, ,S, , , 
581,2,1,female,31,0,0,CA 31352,21, ,S,10, ,"Bristol, England / New Britain, CT"
582,2,0,male, ,0,0,239856,0, ,S, , ,Belfast
583,2,1,female,12,0,0,C.A. 33595,15.75, ,S,9, ,"Aberdeen / Portland, OR"
584,2,1,female,40,0,0,C.A. 33595,15.75, ,S,9, ,"Aberdeen / Portland, OR"
585,2,1,female,32.5,0,0,27267,13,E101,S,12, ,"England / Hartford, CT"
586,2,0,male,27,1,0,228414,26, ,S, ,293,"Bromsgrove, England / Montreal, PQ"
587,2,1,female,29,1,0,228414,26, ,S,10, ,"Bromsgrove, England / Montreal, PQ"
588,2,1,male,2,1,1,29103,23, ,S,14, ,"Cornwall / Akron, OH"
589,2,1,female,4,1,1,29103,23, ,S,14, ,"Cornwall / Akron, OH"
590,2,1,female,29,0,2,29103,23, ,S,14, ,"Cornwall / Akron, OH"
591,2,1,female,0.9167,1,2,C.A. 34651,27.75, ,S,10, ,"Bournmouth, England"
592,2,1,female,5,1,2,C.A. 34651,27.75, ,S,10, ,"Bournmouth, England"
593,2,0,male,36,1,2,C.A. 34651,27.75, ,S, , ,"Bournmouth, England"
594,2,1,female,33,1,2,C.A. 34651,27.75, ,S,10, ,"Bournmouth, England"
595,2,0,male,66,0,0,C.A. 24579,10.5, ,S, , ,"Guernsey, England / Edgewood, RI"
596,2,0,male, ,0,0,SC/PARIS 2159,12.875, ,S, , , 
597,2,1,male,31,0,0,244270,13, ,S,9, ,"London, England"
598,2,1,male, ,0,0,244373,13, ,S,14, ,"Harrow, England"
599,2,1,female,26,0,0,220844,13.5, ,S,9, ,"Yoevil, England / Cottage Grove, OR"
600,2,0,female,24,0,0,248747,13, ,S, , ,Paris
601,3,0,male,42,0,0,C.A. 5547,7.55, ,S, , , 
602,3,0,male,13,0,2,C.A. 2673,20.25, ,S, , ,"East Providence, RI"
603,3,0,male,16,1,1,C.A. 2673,20.25, ,S, ,190,"East Providence, RI"
604,3,1,female,35,1,1,C.A. 2673,20.25, ,S,A, ,"East Providence, RI"
605,3,1,female,16,0,0,348125,7.65, ,S,16, ,"Norway Los Angeles, CA"
606,3,1,male,25,0,0,348122,7.65,F G63,S,A, ,"Perkins County, SD"
607,3,1,male,20,0,0,SOTON/O2 3101284,7.925, ,S,15, ,"Taalintehdas, Finland Hoboken, NJ"
608,3,1,female,18,0,0,2657,7.2292, ,C,C, ,"Greensburg, PA"
609,3,0,male,30,0,0,C 7076,7.25, ,S, ,72,"Asarum, Sweden Brooklyn, NY"
610,3,0,male,26,0,0,341826,8.05, ,S, ,103,"Bournemouth, England"
611,3,0,female,40,1,0,7546,9.475, ,S, , ,"Sweden Akeley, MN"
612,3,1,male,0.8333,0,1,392091,9.35, ,S,11, ,"London, England Norfolk, VA"
613,3,1,female,18,0,1,392091,9.35, ,S,13, ,"London, England Norfolk, VA"
614,3,1,male,26,0,0,2699,18.7875, ,C,15, ,"Syria Fredericksburg, VA"
615,3,0,male,26,0,0,3474,7.8875, ,S, , ,"England Albion, NY"
616,3,0,male,20,0,0,SOTON/O2 3101287,7.925, ,S, , ,"Salo, Finland Astoria, OR"
617,3,0,male,24,0,0,SOTON/O.Q. 3101311,7.05, ,S, , , 
618,3,0,male,25,0,0,SOTON/O.Q. 3101312,7.05, ,S, ,79,Argentina
619,3,0,male,35,0,0,373450,8.05, ,S, , ,"Lower Clapton, Middlesex or Erdington, Birmingham"
620,3,0,male,18,0,0,2223,8.3, ,S, ,259,"Windsor, England New York, NY"
621,3,0,male,32,0,0,C 4001,22.525, ,S, ,260,"Bergen, Norway"
622,3,1,female,19,1,0,350046,7.8542, ,S,16, , 
623,3,0,male,4,4,2,347082,31.275, ,S, , ,"Sweden Winnipeg, MN"
624,3,0,female,6,4,2,347082,31.275, ,S, , ,"Sweden Winnipeg, MN"
625,3,0,female,2,4,2,347082,31.275, ,S, , ,"Sweden Winnipeg, MN"
626,3,1,female,17,4,2,3101281,7.925, ,S,D, ,"Ruotsinphyhtaa, Finland New York, NY"
627,3,0,female,38,4,2,347091,7.775, ,S, , ,"Vadsbro, Sweden Ministee, MI"
628,3,0,female,9,4,2,347082,31.275, ,S, , ,"Sweden Winnipeg, MN"
629,3,0,female,11,4,2,347082,31.275, ,S, , ,"Sweden Winnipeg, MN"
630,3,0,male,39,1,5,347082,31.275, ,S, , ,"Sweden Winnipeg, MN"
631,3,1,male,27,0,0,350043,7.7958, ,S,A, , 
632,3,0,male,26,0,0,347075,7.775, ,S, , ,"Hartford, CT"
633,3,0,female,39,1,5,347082,31.275, ,S, , ,"Sweden Winnipeg, MN"
634,3,0,male,20,0,0,347466,7.8542, ,S, , ,"Sweden Chicago, IL"
635,3,0,male,26,0,0,349202,7.8958, ,S, , ,"Bulgaria Chicago, IL"
636,3,0,male,25,1,0,349237,17.8, ,S, , ,"Altdorf, Switzerland"
637,3,0,female,18,1,0,349237,17.8, ,S, , ,"Altdorf, Switzerland"
638,3,0,male,24,0,0,349911,7.775, ,S, , ,"Sweden Joliet, IL"
639,3,0,male,35,0,0,SOTON/O.Q. 3101310,7.05, ,S, , , 
640,3,0,male,5,4,2,347077,31.3875, ,S, , ,"Sweden  Worcester, MA"
641,3,0,male,9,4,2,347077,31.3875, ,S, , ,"Sweden Worcester, MA"
642,3,1,male,3,4,2,347077,31.3875, ,S,15, ,"Sweden Worcester, MA"
643,3,0,male,13,4,2,347077,31.3875, ,S, , ,"Sweden Worcester, MA"
644,3,1,female,5,4,2,347077,31.3875, ,S,15, ,"Sweden Worcester, MA"
645,3,0,male,40,1,5,347077,31.3875, ,S, ,142,"Sweden  Worcester, MA"
646,3,1,male,23,0,0,350054,7.7958, ,S,13, ,"Oskarshamn, Sweden Minneapolis, MN"
647,3,1,female,38,1,5,347077,31.3875, ,S,15, ,"Sweden  Worcester, MA"
648,3,1,female,45,0,0,2696,7.225, ,C,C, ,"Ottawa, ON"
649,3,0,male,21,0,0,2692,7.225, ,C, , ,"Ottawa, ON"
650,3,0,male,23,0,0,SOTON/O.Q. 3101309,7.05, ,S, , , 
651,3,0,female,17,0,0,2627,14.4583, ,C, , , 
652,3,0,male,30,0,0,2694,7.225, ,C, , ,"Ottawa, ON"
653,3,0,male,23,0,0,347468,7.8542, ,S, , ,"Krakoryd, Sweden Bloomington, IL"
654,3,1,female,13,0,0,2687,7.2292, ,C,C, ,"Syria Youngstown, OH"
655,3,0,male,20,0,0,2679,7.225, ,C, , , 
656,3,0,male,32,1,0,3101278,15.85, ,S,D, ,"Ruotsinphytaa, Finland New York, NY"
657,3,1,female,33,3,0,3101278,15.85, ,S, , ,"Ruotsinphytaa, Finland New York, NY"
658,3,1,female,0.75,2,1,2666,19.2583, ,C,C, ,"Syria New York, NY"
659,3,1,female,0.75,2,1,2666,19.2583, ,C,C, ,"Syria New York, NY"
660,3,1,female,5,2,1,2666,19.2583, ,C,C, ,"Syria New York, NY"
661,3,1,female,24,0,3,2666,19.2583, ,C,C, ,"Syria New York, NY"
662,3,1,female,18,0,0,A/4 31416,8.05, ,S,C, ,"London Skanteales, NY"
663,3,0,male,40,0,0,2623,7.225, ,C, , , 
664,3,0,male,26,0,0,349248,7.8958, ,S, , , 
665,3,1,male,20,0,0,2663,7.2292, ,C,15, , 
666,3,0,female,18,0,1,2691,14.4542, ,C, , ,"Syria Ottawa, ON"
667,3,0,female,45,0,1,2691,14.4542, ,C, , ,"Syria Ottawa, ON"
668,3,0,female,27,0,0,330844,7.8792, ,Q, , ,"New York, NY"
669,3,0,male,22,0,0,324669,8.05, ,S, , ,"England New York, NY"
670,3,0,male,19,0,0,323951,8.05, ,S, , ,England
671,3,0,male,26,0,0,347068,7.775, ,S, , ,"Krakudden, Sweden Moune, IL"
672,3,0,male,22,0,0,PP 4348,9.35, ,S, , ,"Tranvik, Finland New York"
673,3,0,male, ,0,0,2622,7.2292, ,C, , , 
674,3,0,male,20,0,0,2648,4.0125, ,C, , ,Syria
675,3,1,male,32,0,0,1601,56.4958, ,S,C, ,"Hong Kong New York, NY"
676,3,0,male,21,0,0,312992,7.775, ,S, , ,"Brennes, Norway New York"
677,3,0,male,18,0,0,347090,7.75, ,S, , ,"Stockholm, Sweden New York"
678,3,0,male,26,0,0,349224,7.8958, ,S, , ,"Bulgaria Chicago, IL"
679,3,0,male,6,1,1,2678,15.2458, ,C, , ,"Syria Kent, ON"
680,3,0,female,9,1,1,2678,15.2458, ,C, , ,"Syria Kent, ON"
681,3,0,male, ,0,0,2664,7.225, ,C, , ,Syria
682,3,0,female, ,0,2,2678,15.2458, ,C, , ,"Syria Kent, ON"
683,3,0,female, ,0,2,364848,7.75, ,Q, , ,"Ireland Chicago, IL"
684,3,0,male,40,1,1,364849,15.5, ,Q, , ,"Ireland Chicago, IL"
685,3,0,female,32,1,1,364849,15.5, ,Q, , ,"Ireland Chicago, IL"
686,3,0,male,21,0,0,54636,16.1, ,S, , ,"Treherbert, Cardiff, Wales"
687,3,1,female,22,0,0,334914,7.725, ,Q,13, ,"Kingwilliamstown, Co Cork, Ireland Glens Falls, NY"
688,3,0,female,20,0,0,347471,7.8542, ,S, , ,"Medeltorp, Sweden Chicago, IL"
689,3,0,male,29,1,0,3460,7.0458, ,S, , ,"Bridgerule, Devon"
690,3,0,male,22,1,0,A/5 21171,7.25, ,S, , ,"Bridgerule, Devon"
691,3,0,male,22,0,0,350045,7.7958, ,S, , ,"Sweden Worcester, MA"
692,3,0,male,35,0,0,364512,8.05, ,S, , ,"Broomfield, Chelmsford, England"
693,3,0,female,18.5,0,0,329944,7.2833, ,Q, ,299,"Co Cork, Ireland Roxbury, MA"
694,3,1,male,21,0,0,330920,7.8208, ,Q,13, ,"Kingwilliamstown, Co Cork, Ireland New York, NY"
695,3,0,male,19,0,0,365222,6.75, ,Q, , ,"Co Cork, Ireland Charlestown, MA"
696,3,0,female,18,0,0,330963,7.8792, ,Q, , ,"Co Sligo, Ireland New York, NY"
697,3,0,female,21,0,0,315087,8.6625, ,S, , , 
698,3,0,female,30,0,0,315084,8.6625, ,S, , , 
699,3,0,male,18,0,0,315091,8.6625, ,S, , , 
700,3,0,male,38,0,0,315089,8.6625, ,S, , ,Croatia
701,3,0,male,17,0,0,315093,8.6625, ,S, , , 
702,3,0,male,17,0,0,315086,8.6625, ,S, , , 
703,3,0,female,21,0,0,364846,7.75, ,Q, , , 
704,3,0,male,21,0,0,364858,7.75, ,Q, , ,"Ireland Philadelphia, PA"
705,3,0,male,21,0,0,A./5. 2152,8.05, ,S, , , 
706,3,0,male, ,1,0,2689,14.4583, ,C, , ,"Ottawa, ON"
707,3,0,female, ,1,0,2689,14.4583, ,C, , ,"Ottawa, ON"
708,3,0,male,28,0,0,350042,7.7958, ,S, , ,"Dagsas, Sweden Fower, MN"
709,3,0,male,24,0,0,350409,7.8542, ,S, , ,"Goteborg, Sweden Huntley, IL"
710,3,1,female,16,0,0,367231,7.75, ,Q,16, ,"Co Longford, Ireland New York, NY"
711,3,0,female,37,0,0,368364,7.75, ,Q, , ,"Co Sligo, Ireland Hartford, CT"
712,3,0,male,28,0,0,392095,7.25, ,S, , ,"St Denys, Southampton, Hants"
713,3,0,male,24,0,0,343275,8.05, ,S, , ,London
714,3,0,male,21,0,0,A/5. 13032,7.7333, ,Q, , ,"Ireland New York, NY"
715,3,1,male,32,0,0,1601,56.4958, ,S,C, ,"Hong Kong New York, NY"
716,3,0,male,29,0,0,343276,8.05, ,S, , , 
717,3,0,male,26,1,0,2680,14.4542, ,C, , ,Greece
718,3,0,male,18,1,0,2680,14.4542, ,C, , ,Greece
719,3,0,male,20,0,0,SOTON/O.Q. 3101307,7.05, ,S, , ,Portugal
720,3,1,male,18,0,0,A/5 3540,8.05, ,S,12, ,"London Brooklyn, NY"
721,3,0,male,24,0,0,371109,7.25, ,Q, , ,"Co Limerick, Ireland Sherbrooke, PQ"
722,3,0,male,36,0,0,349210,7.4958, ,S, , ,"Bulgaria Chicago, IL"
723,3,0,male,24,0,0,349209,7.4958, ,S, , , 
724,3,0,male,31,0,0,21332,7.7333, ,Q, , ,"Philadelphia, PA"
725,3,0,male,31,0,0,335097,7.75, ,Q, , ,"Ireland Brooklyn, NY"
726,3,1,female,22,0,0,370373,7.75, ,Q,13, ,Ireland
727,3,0,female,30,0,0,330972,7.6292, ,Q, , ,Ireland
728,3,0,male,70.5,0,0,370369,7.75, ,Q, ,171, 
729,3,0,male,43,0,0,A/5 3536,8.05, ,S, , , 
730,3,0,male,35,0,0,349230,7.8958, ,S, , ,Austria
731,3,0,male,27,0,0,349229,7.8958, ,S, , ,Austria
732,3,0,male,19,0,0,349231,7.8958, ,S, , ,Austria
733,3,0,male,30,0,0,SOTON/OQ 392090,8.05, ,S, , ,London
734,3,1,male,9,1,1,C.A. 37671,15.9, ,S,2, ,"England Brooklyn, NY"
735,3,1,male,3,1,1,C.A. 37671,15.9, ,S,2, ,"England Brooklyn, NY"
736,3,1,female,36,0,2,C.A. 37671,15.9, ,S,2, ,"England Brooklyn, NY"
737,3,0,male,59,0,0,364500,7.25, ,S, , ,"Merrill, WI"
738,3,0,male,19,0,0,S.P. 3464,8.1583, ,S, , ,"Bristol, England Cleveland, OH"
739,3,1,female,17,0,1,371362,16.1, ,S,12, ,"Bournemouth, England Newark, NJ"
740,3,0,male,44,0,1,371362,16.1, ,S, , ,"Bournemouth, England Newark, NJ"
741,3,0,male,17,0,0,315090,8.6625, ,S, , ,Austria-Hungary
742,3,0,male,22.5,0,0,2698,7.225, ,C, ,9, 
743,3,1,male,45,0,0,7598,8.05, ,S,15, ,"Australia Fingal, ND"
744,3,0,female,22,0,0,7552,10.5167, ,S, , ,"Norrlot, Sweden Chicago, IL"
745,3,0,male,19,0,0,349228,10.1708, ,S, , ,Austria
746,3,1,female,30,0,0,382650,6.95, ,Q,15, ,"Co Athlone, Ireland New York, NY"
747,3,1,male,29,0,0,382651,7.75, ,Q,13 15 B, ,"Co Athlone, Ireland New York, NY"
748,3,0,male,0.3333,0,2,347080,14.4, ,S, , ,"Stanton, IA"
749,3,0,male,34,1,1,347080,14.4, ,S, ,197,"Stanton, IA"
750,3,0,female,28,1,1,347080,14.4, ,S, , ,"Stanton, IA"
751,3,0,male,27,0,0,349219,7.8958, ,S, , ,"Bulgaria Chicago, IL"
752,3,0,male,25,0,0,349203,7.8958, ,S, , ,"Bulgaria Chicago, IL"
753,3,0,male,24,2,0,A/4 48871,24.15, ,S, , ,"West Bromwich, England Pontiac, MI"
754,3,0,male,22,0,0,SC/A4 23568,8.05, ,S, , , 
755,3,0,male,21,2,0,A/4 48871,24.15, ,S, , ,"West Bromwich, England Pontiac, MI"
756,3,0,male,17,2,0,A/4 48873,8.05, ,S, , ,"West Bromwich, England Pontiac, MI"
757,3,0,male, ,1,0,386525,16.1, ,S, , ,"Liverpool, England Bedford, OH"
758,3,1,female, ,1,0,386525,16.1, ,S,16, ,"Liverpool, England Bedford, OH"
759,3,1,male,36.5,1,0,345572,17.4, ,S,15, ,"Tampico, MT"
760,3,1,female,36,1,0,345572,17.4, ,S,13, ,"Tampico, MT"
761,3,1,male,30,0,0,345774,9.5, ,S,11, ,"Belgium Detroit, MI"
762,3,0,male,16,0,0,345778,9.5, ,S, , , 
763,3,1,male,1,1,2,C.A. 2315,20.575, ,S,10, ,"Devon, England Wichita, KS"
764,3,1,female,0.1667,1,2,C.A. 2315,20.575, ,S,10, ,"Devon, England Wichita, KS"
765,3,0,male,26,1,2,C.A. 2315,20.575, ,S, , ,"Devon, England Wichita, KS"
766,3,1,female,33,1,2,C.A. 2315,20.575, ,S,10, ,"Devon, England Wichita, KS"
767,3,0,male,25,0,0,349250,7.8958, ,S, , , 
768,3,0,male, ,0,0,349238,7.8958, ,S, , , 
769,3,0,male, ,0,0,349225,7.8958, ,S, , ,"Bulgaria Coon Rapids, IA"
770,3,0,male,22,0,0,A/5 21172,7.25, ,S, , , 
771,3,0,male,36,0,0,A/5 21175,7.25, ,S, , , 
772,3,1,female,19,0,0,330958,7.8792, ,Q,C, ,"Kilmacowen, Co Sligo, Ireland New York, NY"
773,3,0,male,17,0,0,349232,7.8958, ,S, , , 
774,3,0,male,42,0,0,315088,8.6625, ,S, , , 
775,3,0,male,43,0,0,349226,7.8958, ,S, , , 
776,3,0,male, ,0,0,2686,7.2292, ,C, , , 
777,3,0,male,32,0,0,370376,7.75, ,Q, , ,"Ireland New York, NY"
778,3,1,male,19,0,0,A/5. 10482,8.05, ,S,B, ,"England Oglesby, IL"
779,3,1,female,30,0,0,364516,12.475, ,S,13, ,"Union Hill, NJ"
780,3,0,female,24,0,0,368702,7.75, ,Q, , ,"Ireland New York, NY"
781,3,1,female,23,0,0,SOTON/OQ 392083,8.05, ,S, , ,"London New York, NY"
782,3,0,male,33,0,0,349241,7.8958, ,C, ,51,"Austria Niagara Falls, NY"
783,3,0,male,65,0,0,336439,7.75, ,Q, , , 
784,3,1,male,24,0,0,S.O./P.P. 752,7.55, ,S,D, ,"England Albion, NY"
785,3,0,male,23,1,0,347072,13.9, ,S, , ,"West Haven, CT"
786,3,1,female,22,1,0,347072,13.9, ,S,16, ,"West Haven, CT"
787,3,0,male,18,0,0,349912,7.775, ,S, , ,"Tofta, Sweden Joliet, IL"
788,3,0,male,16,0,0,347074,7.775, ,S, , ,"Karberg, Sweden Jerome Junction, AZ"
789,3,0,male,45,0,0,347061,6.975, ,S, , ,"Effington Rut, SD"
790,3,0,male, ,0,0,2674,7.225, ,C, , , 
791,3,0,male,39,0,2,2675,7.2292, ,C, , ,"Syria Ottawa, ON"
792,3,0,male,17,1,1,2690,7.2292, ,C, , , 
793,3,0,male,15,1,1,2695,7.2292, ,C, , ,Syria
794,3,0,male,47,0,0,A/5 3902,7.25, ,S, , ,"Illinois, USA"
795,3,1,female,5,0,0,364516,12.475, ,S,13, ,"New York, NY"
796,3,0,male, ,0,0,2631,7.225, ,C, , , 
797,3,0,male,40.5,0,0,C.A. 6212,15.1, ,S, ,187, 
798,3,0,male,40.5,0,0,367232,7.75, ,Q, ,68,"Aughnacliff, Co Longford, Ireland New York, NY"
799,3,1,male, ,0,0,SOTON/O.Q. 3101308,7.05, ,S,15, ,"Italy Philadelphia, PA"
800,3,0,male,18,0,0,350036,7.7958, ,S, , , 
801,3,0,female, ,0,0,364859,7.75, ,Q, , , 
802,3,0,male, ,0,0,364851,7.75, ,Q, , , 
803,3,0,male, ,0,0,368323,6.95, ,Q, , , 
804,3,0,male,26,0,0,330910,7.8792, ,Q, , ,"Ireland Chicago, IL"
805,3,0,male, ,0,0,365235,7.75, ,Q, , ,Ireland
806,3,1,male, ,0,0,1601,56.4958, ,S,13, ,"Hong Kong New York, NY"
807,3,0,female,21,2,2,W./C. 6608,34.375, ,S, , ,"Rotherfield, Sussex, England Essex Co, MA"
808,3,0,female,9,2,2,W./C. 6608,34.375, ,S, , ,"Rotherfield, Sussex, England Essex Co, MA"
809,3,0,male, ,0,0,A/5 1478,8.05, ,S, , ,"Bridgwater, Somerset, England"
810,3,0,male,18,2,2,W./C. 6608,34.375, ,S, , ,"Rotherfield, Sussex, England Essex Co, MA"
811,3,0,male,16,1,3,W./C. 6608,34.375, ,S, , ,"Rotherfield, Sussex, England Essex Co, MA"
812,3,0,female,48,1,3,W./C. 6608,34.375, ,S, , ,"Rotherfield, Sussex, England Essex Co, MA"
813,3,0,male, ,0,0,368573,7.75, ,Q, , ,"Ireland New York, NY"
814,3,0,male, ,0,0,SOTON/O.Q. 3101314,7.25, ,S, , , 
815,3,0,male,25,0,0,36864,7.7417, ,Q, , ,"New York, NY"
816,3,0,male, ,0,0,358585,14.5, ,S, , , 
817,3,0,male, ,0,0,349254,7.8958, ,C, , , 
818,3,0,male,22,0,0,14973,8.05, ,S, ,47, 
819,3,1,female,16,0,0,35851,7.7333, ,Q,16, ,"Co Longford, Ireland New York, NY"
820,3,1,female, ,0,0,335677,7.75, ,Q,13, ,"Co Clare, Ireland Washington, DC"
821,3,1,male,9,0,2,363291,20.525, ,S,C D, ,"Strood, Kent, England Detroit, MI"
822,3,0,male,33,1,1,363291,20.525, ,S, , ,"Strood, Kent, England Detroit, MI"
823,3,0,male,41,0,0,SOTON/O.Q. 3101263,7.85, ,S, , ,"Philadelphia, PA"
824,3,1,female,31,1,1,363291,20.525, ,S,C D, ,"Strood, Kent, England Detroit, MI"
825,3,0,male,38,0,0,SOTON/O.Q. 3101306,7.05, ,S, , ,Portugal
826,3,0,male,9,5,2,CA 2144,46.9, ,S, , ,"Wiltshire, England Niagara Falls, NY"
827,3,0,male,1,5,2,CA 2144,46.9, ,S, , ,"Wiltshire, England Niagara Falls, NY"
828,3,0,male,11,5,2,CA 2144,46.9, ,S, , ,"Wiltshire, England Niagara Falls, NY"
829,3,0,female,10,5,2,CA 2144,46.9, ,S, , ,"Wiltshire, England Niagara Falls, NY"
830,3,0,female,16,5,2,CA 2144,46.9, ,S, , ,"Wiltshire, England Niagara Falls, NY"
831,3,0,male,14,5,2,CA 2144,46.9, ,S, , ,"Wiltshire, England Niagara Falls, NY"
832,3,0,male,40,1,6,CA 2144,46.9, ,S, , ,"Wiltshire, England Niagara Falls, NY"
833,3,0,female,43,1,6,CA 2144,46.9, ,S, , ,"Wiltshire, England Niagara Falls, NY"
834,3,0,male,51,0,0,21440,8.05, ,S, , ,"Dorking, Surrey, England"
835,3,0,male,32,0,0,8471,8.3625, ,S, , ,"Foresvik, Norway Portland, ND"
836,3,0,male, ,0,0,376563,8.05, ,S, , , 
837,3,0,male,20,0,0,7534,9.8458, ,S, , ,"Waukegan, Chicago, IL"
838,3,0,male,37,2,0,3101276,7.925, ,S, ,98,"Ruotsinphytaa, Finland New York, NY"
839,3,0,male,28,2,0,3101277,7.925, ,S, , ,"Ruotsinphytaa, Finland New York, NY"
840,3,0,male,19,0,0,347069,7.775, ,S, , ,"Myren, Sweden New York, NY"
841,3,0,female,24,0,0,349236,8.85, ,S, , , 
842,3,0,female,17,0,0,AQ/3. 30631,7.7333, ,Q, , , 
843,3,0,male, ,1,0,65303,19.9667, ,S, , , 
844,3,0,male, ,1,0,65304,19.9667, ,S, , , 
845,3,0,male,28,1,0,STON/O2. 3101279,15.85, ,S, , , 
846,3,1,female,24,1,0,STON/O2. 3101279,15.85, ,S,15, , 
847,3,0,male,20,0,0,345769,9.5, ,S, , , 
848,3,0,male,23.5,0,0,2693,7.2292, ,C, ,188, 
849,3,0,male,41,2,0,350026,14.1083, ,S, , , 
850,3,0,male,26,1,0,350025,7.8542, ,S, , , 
851,3,0,male,21,0,0,350029,7.8542, ,S, ,69, 
852,3,1,female,45,1,0,350026,14.1083, ,S,11, , 
853,3,0,female, ,0,0,W./C. 6609,7.55, ,S, , , 
854,3,0,male,25,0,0,374887,7.25, ,S,B, , 
855,3,0,male, ,0,0,394140,6.8583, ,Q, , , 
856,3,0,male,11,0,0,2699,18.7875, ,C, , , 
857,3,1,female, ,0,0,370375,7.75, ,Q,16, , 
858,3,1,male,27,0,0,347089,6.975, ,S,15, , 
859,3,1,male, ,0,0,1601,56.4958, ,S,C, , 
860,3,0,female,18,0,0,365226,6.75, ,Q, , , 
861,3,1,female,26,0,0,STON/O2. 3101282,7.925, ,S, , , 
862,3,0,female,23,0,0,STON/O2. 3101290,7.925, ,S, , , 
863,3,1,female,22,0,0,7548,8.9625, ,S,C, , 
864,3,0,male,28,0,0,349243,7.8958, ,S, ,306, 
865,3,0,female,28,0,0,347086,7.775, ,S, , , 
866,3,0,female, ,0,0,382649,7.75, ,Q, , , 
867,3,1,female,2,0,1,3101298,12.2875, ,S,15, , 
868,3,1,female,22,1,1,3101298,12.2875, ,S,15, , 
869,3,0,male,43,0,0,C 7075,6.45, ,S, , , 
870,3,0,male,28,0,0,C 4001,22.525, ,S, , , 
871,3,1,female,27,0,0,STON/O2. 3101283,7.925, ,S, , , 
872,3,0,male, ,0,0,370377,7.75, ,Q, , , 
873,3,1,female, ,0,0,A. 2. 39186,8.05, ,S,C, , 
874,3,0,male,42,0,0,348121,7.65,F G63,S, ,120, 
875,3,1,male, ,0,0,3470,7.8875, ,S,C, , 
876,3,0,male,30,0,0,2685,7.2292, ,C, , , 
877,3,0,male, ,0,0,349220,7.8958, ,S, , , 
878,3,0,female,27,1,0,STON/O2. 3101270,7.925, ,S, , , 
879,3,0,female,25,1,0,STON/O2. 3101271,7.925, ,S, , , 
880,3,0,male, ,0,0,349201,7.8958, ,S, , , 
881,3,1,male,29,0,0,349240,7.8958, ,C,15, , 
882,3,1,male,21,0,0,350034,7.7958, ,S,A, , 
883,3,0,male, ,0,0,SOTON/O.Q. 3101305,7.05, ,S, , , 
884,3,0,male,20,0,0,350050,7.8542, ,S, , , 
885,3,0,male,48,0,0,350047,7.8542, ,S, , , 
886,3,0,male,17,1,0,350048,7.0542, ,S, , , 
887,3,1,female, ,0,0,14313,7.75, ,Q,D, , 
888,3,1,male, ,0,0,65306,8.1125, ,S,13, , 
889,3,0,male,34,0,0,3101264,6.4958, ,S, ,143, 
890,3,1,male,26,0,0,347070,7.775, ,S,15, , 
891,3,0,male,22,0,0,350052,7.7958, ,S, ,156, 
892,3,0,male,33,0,0,7540,8.6542, ,S, ,285, 
893,3,0,male,31,0,0,347063,7.775, ,S, , , 
894,3,0,male,29,0,0,347467,7.8542, ,S, , , 
895,3,1,male,4,1,1,347742,11.1333, ,S,15, , 
896,3,1,female,1,1,1,347742,11.1333, ,S,15, , 
897,3,0,male,49,0,0,LINE,0, ,S, , , 
898,3,0,male,33,0,0,347062,7.775, ,S, ,37, 
899,3,0,male,19,0,0,LINE,0, ,S, , , 
900,3,1,female,27,0,2,347742,11.1333, ,S,15, , 
901,3,0,male, ,1,2,W./C. 6607,23.45, ,S, , , 
902,3,0,female, ,1,2,W./C. 6607,23.45, ,S, , , 
903,3,0,male, ,1,2,W./C. 6607,23.45, ,S, , , 
904,3,0,female, ,1,2,W./C. 6607,23.45, ,S, , , 
905,3,0,male,23,0,0,349204,7.8958, ,S, , , 
906,3,1,male,32,0,0,350417,7.8542, ,S,15, , 
907,3,0,male,27,0,0,350408,7.8542, ,S, , , 
908,3,0,female,20,1,0,4136,9.825, ,S, , , 
909,3,0,female,21,1,0,4137,9.825, ,S, , , 
910,3,1,male,32,0,0,STON/O 2. 3101286,7.925, ,S,15, , 
911,3,0,male,17,0,0,STON/O 2. 3101274,7.125, ,S, , , 
912,3,0,male,21,0,0,8475,8.4333, ,S, , , 
913,3,0,male,30,0,0,349246,7.8958, ,S, , , 
914,3,1,male,21,0,0,350053,7.7958, ,S,13, , 
915,3,0,male,33,0,0,347465,7.8542, ,S, , , 
916,3,0,male,22,0,0,350060,7.5208, ,S, , , 
917,3,1,female,4,0,1,349256,13.4167, ,C,15, , 
918,3,1,male,39,0,1,349256,13.4167, ,C,15, , 
919,3,0,male, ,0,0,2700,7.2292, ,C, , , 
920,3,0,male,18.5,0,0,2682,7.2292, ,C, ,58, 
921,3,0,male, ,0,0,12460,7.75, ,Q, , , 
922,3,0,male, ,0,0,323592,7.25, ,S,A, , 
923,3,1,female, ,0,0,9234,7.75, ,Q,16, , 
924,3,1,female, ,0,0,14312,7.75, ,Q,D, , 
925,3,0,male,34.5,0,0,330911,7.8292, ,Q, ,70, 
926,3,0,male,44,0,0,363592,8.05, ,S, , , 
927,3,1,male, ,0,0,368783,7.75, ,Q, , , 
928,3,0,male, ,1,0,2660,14.4542, ,C, , , 
929,3,0,female, ,1,0,2660,14.4542, ,C, , , 
930,3,0,male, ,1,0,367227,7.75, ,Q, , , 
931,3,0,male, ,1,0,367229,7.75, ,Q, , , 
932,3,0,male, ,0,0,36865,7.7375, ,Q, , , 
933,3,0,female,22,2,0,315152,8.6625, ,S, , , 
934,3,0,male,26,2,0,315151,8.6625, ,S, , , 
935,3,1,female,4,0,2,315153,22.025, ,S,2, , 
936,3,1,male,29,3,1,315153,22.025, ,S,2, , 
937,3,1,female,26,1,1,315153,22.025, ,S,2, , 
938,3,0,female,1,1,1,350405,12.1833, ,S, , , 
939,3,0,male,18,1,1,350404,7.8542, ,S, , , 
940,3,0,female,36,0,2,350405,12.1833, ,S, , , 
941,3,0,male, ,0,0,349253,7.8958, ,C, , , 
942,3,1,male,25,0,0,2654,7.2292,F E57,C,10, , 
943,3,0,male, ,0,0,2624,7.225, ,C, , , 
944,3,0,female,37,0,0,4135,9.5875, ,S, , , 
945,3,0,male, ,0,0,349217,7.8958, ,S, , , 
946,3,1,male, ,0,0,1601,56.4958, ,S,C, , 
947,3,0,male, ,0,0,1601,56.4958, ,S, , , 
948,3,1,female,22,0,0,C 7077,7.25, ,S,13, , 
949,3,0,male, ,0,0,7935,7.75, ,Q, , , 
950,3,1,male,26,0,0,1601,56.4958, ,S,14, , 
951,3,0,male,29,0,0,7545,9.4833, ,S, , , 
952,3,0,male,29,0,0,347067,7.775, ,S, , , 
953,3,0,male,22,0,0,347065,7.775, ,S, , , 
954,3,1,male,22,0,0,2620,7.225, ,C,6, , 
955,3,0,male, ,3,1,4133,25.4667, ,S, , , 
956,3,0,female, ,3,1,4133,25.4667, ,S, , , 
957,3,0,female, ,3,1,4133,25.4667, ,S, , , 
958,3,0,female, ,3,1,4133,25.4667, ,S, , , 
959,3,0,female, ,0,4,4133,25.4667, ,S, , , 
960,3,0,male,32,0,0,STON/O 2. 3101292,7.925, ,S, , , 
961,3,0,male,34.5,0,0,2683,6.4375, ,C, ,196, 
962,3,0,female, ,1,0,370371,15.5, ,Q, , , 
963,3,0,male, ,1,0,370371,15.5, ,Q, , , 
964,3,0,male,36,0,0,LINE,0, ,S, , , 
965,3,0,male,39,0,0,A/4 48871,24.15, ,S, , , 
966,3,0,male,24,0,0,345781,9.5, ,S, , , 
967,3,0,female,25,0,0,347071,7.775, ,S, , , 
968,3,0,female,45,0,0,347073,7.75, ,S, , , 
969,3,0,male,36,1,0,349910,15.55, ,S,A, , 
970,3,0,female,30,1,0,349910,15.55, ,S,A, , 
971,3,1,male,20,1,0,STON/O 2. 3101285,7.925, ,S,15, , 
972,3,0,male, ,0,0,330971,7.8792, ,Q, , , 
973,3,0,male,28,0,0,1601,56.4958, ,S, , , 
974,3,0,male, ,0,0,S.O./P.P. 251,7.55, ,S, , , 
975,3,0,male,30,1,0,A/5. 3336,16.1, ,S, , , 
976,3,0,female,26,1,0,A/5. 3336,16.1, ,S, , , 
977,3,0,male, ,0,0,1222,7.8792, ,S, ,153, 
978,3,0,male,20.5,0,0,A/5 21173,7.25, ,S, , , 
979,3,1,male,27,0,0,315098,8.6625, ,S,15, , 
980,3,0,male,51,0,0,347743,7.0542, ,S, , , 
981,3,1,female,23,0,0,347469,7.8542, ,S,10, , 
982,3,1,male,32,0,0,350403,7.5792, ,S,15, , 
983,3,0,male, ,0,0,349235,7.8958, ,S, , , 
984,3,0,male, ,0,0,C.A. 42795,7.55, ,S, , , 
985,3,1,female, ,0,0,370370,7.75, ,Q,15, , 
986,3,1,male,24,0,0,C 17369,7.1417, ,S,13, , 
987,3,0,male,22,0,0,STON/O 2. 3101275,7.125, ,S, , , 
988,3,0,female, ,0,0,330924,7.8792, ,Q, , , 
989,3,0,male, ,0,0,AQ/4 3130,7.75, ,Q, , , 
990,3,0,male, ,0,0,A/S 2816,8.05, ,S, , , 
991,3,0,male,29,0,0,STON/O 2. 3101268,7.925, ,S, , , 
992,3,1,male, ,0,0,2677,7.2292, ,C,15, , 
993,3,0,female,30.5,0,0,364850,7.75, ,Q, ,61, 
994,3,1,female, ,0,0,36866,7.7375, ,Q,16, , 
995,3,0,male, ,0,0,2655,7.2292,F E46,C, , , 
996,3,0,male,35,0,0,349213,7.8958, ,C, , , 
997,3,0,male,33,0,0,349257,7.8958, ,S, , , 
998,3,1,female, ,0,0,2649,7.225, ,C,C, , 
999,3,0,male, ,0,0,349255,7.8958, ,C, , , 
1000,3,1,female, ,0,0,383123,7.75, ,Q,15 16, , 
1001,3,1,male, ,0,0,367228,7.75, ,Q, , , 
1002,3,1,female, ,2,0,367226,23.25, ,Q,16, , 
1003,3,1,female, ,2,0,367226,23.25, ,Q,16, , 
1004,3,1,male, ,2,0,367226,23.25, ,Q,16, , 
1005,3,1,female, ,0,0,330932,7.7875, ,Q,13, , 
1006,3,0,male, ,0,0,36568,15.5, ,Q, , , 
1007,3,1,female, ,0,0,330931,7.8792, ,Q,13, , 
1008,3,1,female,15,0,0,330923,8.0292, ,Q, , , 
1009,3,0,female,35,0,0,9232,7.75, ,Q, , , 
1010,3,0,male, ,0,0,370372,7.75, ,Q, , , 
1011,3,0,male,24,1,0,376566,16.1, ,S, , , 
1012,3,0,female,19,1,0,376566,16.1, ,S, ,53, 
1013,3,0,female, ,0,0,370368,7.75, ,Q, , , 
1014,3,0,female, ,0,0,SOTON/O.Q. 392087,8.05, ,S, , , 
1015,3,0,female, ,0,0,343095,8.05, ,S, , , 
1016,3,0,male,55.5,0,0,A.5. 11206,8.05, ,S, ,201, 
1017,3,0,male, ,0,0,368703,7.75, ,Q, , , 
1018,3,1,male,21,0,0,345501,7.775, ,S,15, , 
1019,3,0,male, ,0,0,359306,8.05, ,S, , , 
1020,3,0,male,24,0,0,349233,7.8958, ,S, , , 
1021,3,0,male,21,0,0,349211,7.8958, ,S, , , 
1022,3,0,male,28,0,0,349207,7.8958, ,S, , , 
1023,3,0,male, ,0,0,349221,7.8958, ,S, , , 
1024,3,1,female, ,0,0,330980,7.8792, ,Q,16, , 
1025,3,0,male,25,0,0,348123,7.65,F G73,S, ,309, 
1026,3,1,male,6,0,1,392096,12.475,E121,S,14, , 
1027,3,1,female,27,0,1,392096,12.475,E121,S,14, , 
1028,3,0,male, ,0,0,A4. 54510,8.05, ,S, , , 
1029,3,1,female, ,1,0,371110,24.15, ,Q,16, , 
1030,3,0,male, ,1,0,371110,24.15, ,Q, , , 
1031,3,0,male, ,0,0,330877,8.4583, ,Q, , , 
1032,3,0,male,34,0,0,364506,8.05, ,S, , , 
1033,3,0,male, ,0,0,372622,7.75, ,Q, , , 
1034,3,1,male, ,0,0,312991,7.775, ,S,B, , 
1035,3,1,male, ,1,1,2661,15.2458, ,C,C, , 
1036,3,1,male, ,1,1,2661,15.2458, ,C,C, , 
1037,3,1,female, ,0,2,2661,15.2458, ,C,C, , 
1038,3,1,female, ,0,0,2626,7.2292, ,C, , , 
1039,3,0,male, ,0,0,374746,8.05, ,S, , , 
1040,3,1,female, ,0,0,35852,7.7333, ,Q,16, , 
1041,3,1,female,24,0,0,382653,7.75, ,Q,15, , 
1042,3,0,male, ,0,0,A./5. 3235,8.05, ,S, , , 
1043,3,1,female, ,1,0,367230,15.5, ,Q,16, , 
1044,3,1,female, ,1,0,367230,15.5, ,Q,16, , 
1045,3,1,female, ,0,0,36568,15.5, ,Q,16, , 
1046,3,0,male,18,0,0,347078,7.75, ,S, , , 
1047,3,0,male,22,0,0,349206,7.8958, ,S, , , 
1048,3,1,female,15,0,0,2667,7.225, ,C,C, , 
1049,3,1,female,1,0,2,2653,15.7417, ,C,C, , 
1050,3,1,male,20,1,1,2653,15.7417, ,C,C, , 
1051,3,1,female,19,1,1,2653,15.7417, ,C,C, , 
1052,3,0,male,33,0,0,A./5. 3338,8.05, ,S, , , 
1053,3,0,male, ,0,0,349218,7.8958, ,S, , , 
1054,3,0,male, ,0,0,2652,7.2292, ,C, , , 
1055,3,0,female, ,0,0,365237,7.75, ,Q, , , 
1056,3,0,male, ,0,0,349234,7.8958, ,S, , , 
1057,3,1,male,12,1,0,2651,11.2417, ,C,C, , 
1058,3,1,female,14,1,0,2651,11.2417, ,C,C, , 
1059,3,0,female,29,0,0,3101297,7.925, ,S, , , 
1060,3,0,male,28,0,0,363611,8.05, ,S, , , 
1061,3,1,female,18,0,0,347066,7.775, ,S,D, , 
1062,3,1,female,26,0,0,347470,7.8542, ,S,13, , 
1063,3,0,male,21,0,0,350410,7.8542, ,S, , , 
1064,3,0,male,41,0,0,SOTON/O2 3101272,7.125, ,S, , ,"Finland Sudbury, ON"
1065,3,1,male,39,0,0,STON/O 2. 3101289,7.925, ,S,9, , 
1066,3,0,male,21,0,0,A/4. 39886,7.8, ,S, , , 
1067,3,0,male,28.5,0,0,2697,7.2292, ,C, ,181, 
1068,3,1,female,22,0,0,347081,7.75, ,S,13, , 
1069,3,0,male,61,0,0,345364,6.2375, ,S, , , 
1070,3,0,male, ,1,0,370365,15.5, ,Q, , , 
1071,3,0,male, ,0,0,330979,7.8292, ,Q, , , 
1072,3,1,female, ,1,0,370365,15.5, ,Q, , , 
1073,3,0,male, ,0,0,334912,7.7333, ,Q, , , 
1074,3,0,male, ,0,0,371060,7.75, ,Q, , , 
1075,3,0,male, ,0,0,366713,7.75, ,Q, , , 
1076,3,0,male,23,0,0,7267,9.225, ,S, , , 
1077,3,0,female, ,0,0,364856,7.75, ,Q, , , 
1078,3,1,female, ,0,0,14311,7.75, ,Q,D, , 
1079,3,1,female, ,0,0,330959,7.8792, ,Q, , , 
1080,3,1,female,22,0,0,347085,7.775, ,S,C, , 
1081,3,1,male, ,0,0,368402,7.75, ,Q,B, , 
1082,3,1,female, ,0,0,330919,7.8292, ,Q,13, , 
1083,3,1,male,9,0,1,C 17368,3.1708, ,S,13, , 
1084,3,0,male,28,0,0,C 4001,22.525, ,S, ,173, 
1085,3,0,male,42,0,1,4579,8.4042, ,S, , , 
1086,3,0,male, ,0,0,Fa 265302,7.3125, ,S, , , 
1087,3,0,female,31,0,0,350407,7.8542, ,S, , , 
1088,3,0,male,28,0,0,347464,7.8542, ,S, , , 
1089,3,1,male,32,0,0,347079,7.775, ,S,A, , 
1090,3,0,male,20,0,0,6563,9.225, ,S, ,89,"Oslo, Norway Cameron, WI"
1091,3,0,female,23,0,0,315085,8.6625, ,S, , , 
1092,3,0,female,20,0,0,315096,8.6625, ,S, , , 
1093,3,0,male,20,0,0,315094,8.6625, ,S, , , 
1094,3,0,male,16,0,0,7534,9.2167, ,S, , , 
1095,3,1,female,31,0,0,349244,8.6833, ,S, , , 
1096,3,0,female, ,0,0,330909,7.6292, ,Q, , , 
1097,3,0,male,2,3,1,349909,21.075, ,S, ,4, 
1098,3,0,male,6,3,1,349909,21.075, ,S, , , 
1099,3,0,female,3,3,1,349909,21.075, ,S, , , 
1100,3,0,female,8,3,1,349909,21.075, ,S, , , 
1101,3,0,female,29,0,4,349909,21.075, ,S, ,206, 
1102,3,0,male,1,4,1,3101295,39.6875, ,S, , , 
1103,3,0,male,7,4,1,3101295,39.6875, ,S, , , 
1104,3,0,male,2,4,1,3101295,39.6875, ,S, , , 
1105,3,0,male,16,4,1,3101295,39.6875, ,S, , , 
1106,3,0,male,14,4,1,3101295,39.6875, ,S, , , 
1107,3,0,female,41,0,5,3101295,39.6875, ,S, , , 
1108,3,0,male,21,0,0,315097,8.6625, ,S, , , 
1109,3,0,male,19,0,0,358585,14.5, ,S, , , 
1110,3,0,male, ,0,0,3411,8.7125, ,C, , , 
1111,3,0,male,32,0,0,349242,7.8958, ,S, , , 
1112,3,0,male,0.75,1,1,SOTON/O.Q. 3101315,13.775, ,S, , , 
1113,3,0,female,3,1,1,SOTON/O.Q. 3101315,13.775, ,S, , , 
1114,3,0,female,26,0,2,SOTON/O.Q. 3101315,13.775, ,S, , , 
1115,3,0,male, ,0,0,343271,7, ,S, , , 
1116,3,0,male, ,0,0,345498,7.775, ,S, , , 
1117,3,0,male, ,0,0,A/5 2817,8.05, ,S, , , 
1118,3,0,male,21,0,0,STON/O 2. 3101294,7.925, ,S, , , 
1119,3,0,male,25,0,0,STON/O 2. 3101291,7.925, ,S, , , 
1120,3,0,male,22,0,0,A/5 21174,7.25, ,S, , , 
1121,3,1,male,25,1,0,347083,7.775, ,S,15, , 
1122,3,1,male, ,1,1,2668,22.3583, ,C,C, , 
1123,3,1,female, ,1,1,2668,22.3583,F E69,C,D, , 
1124,3,1,female, ,0,2,2668,22.3583, ,C,D, , 
1125,3,0,female, ,0,0,330935,8.1375, ,Q, , , 
1126,3,0,male,24,0,0,342441,8.05, ,S, , , 
1127,3,0,female,28,0,0,349245,7.8958, ,S, , , 
1128,3,0,male,19,0,0,349212,7.8958, ,S, , , 
1129,3,0,male, ,0,0,349215,7.8958, ,S, , , 
1130,3,0,male,25,1,0,347076,7.775, ,S, , , 
1131,3,0,female,18,0,0,347087,7.775, ,S, , , 
1132,3,1,male,32,0,0,SOTON/O.Q. 392078,8.05,E10,S,9, , 
1133,3,0,male, ,0,0,349227,7.8958, ,S, , , 
1134,3,0,male,17,0,0,315095,8.6625, ,S, , , 
1135,3,0,male,24,0,0,315092,8.6625, ,S, , , 
1136,3,0,male, ,0,0,349223,7.8958, ,S, , , 
1137,3,0,female, ,0,0,65305,8.1125, ,S, , , 
1138,3,0,male, ,0,0,2629,7.2292, ,C, , , 
1139,3,0,male, ,0,0,362316,7.25, ,S, , , 
1140,3,0,male,38,0,0,349249,7.8958, ,S, , , 
1141,3,0,male,21,0,0,342684,8.05, ,S, , , 
1142,3,0,male,10,4,1,382652,29.125, ,Q, , , 
1143,3,0,male,4,4,1,382652,29.125, ,Q, , , 
1144,3,0,male,7,4,1,382652,29.125, ,Q, , , 
1145,3,0,male,2,4,1,382652,29.125, ,Q, , , 
1146,3,0,male,8,4,1,382652,29.125, ,Q, , , 
1147,3,0,female,39,0,5,382652,29.125, ,Q, ,327, 
1148,3,0,female,22,0,0,3101295,39.6875, ,S, , , 
1149,3,0,male,35,0,0,STON/O 2. 3101273,7.125, ,S, , , 
1150,3,1,female, ,0,0,334915,7.7208, ,Q,13, , 
1151,3,0,male, ,0,0,364498,14.5, ,S, , , 
1152,3,0,female, ,0,0,364498,14.5, ,S, , , 
1153,3,0,male,50,1,0,A/5. 3337,14.5, ,S, ,119, 
1154,3,0,female,47,1,0,A/5. 3337,14.5, ,S, ,7, 
1155,3,0,male, ,0,0,S.C./A.4. 23567,8.05, ,S, , , 
1156,3,0,male, ,0,0,312993,7.775, ,S, , , 
1157,3,0,female,2,1,1,370129,20.2125, ,S, , , 
1158,3,0,male,18,1,1,370129,20.2125, ,S, , , 
1159,3,0,female,41,0,2,370129,20.2125, ,S, , , 
1160,3,1,female, ,0,0,342712,8.05, ,S,C, , 
1161,3,0,male,50,0,0,A/5 3594,8.05, ,S, , , 
1162,3,0,male,16,0,0,A/4. 20589,8.05, ,S, , , 
1163,3,1,male, ,0,0,383162,7.75, ,Q,14, , 
1164,3,0,male, ,0,0,371110,24.15, ,Q, , , 
1165,3,0,male, ,0,0,2671,7.2292, ,C, , , 
1166,3,0,male,25,0,0,2672,7.225, ,C, , , 
1167,3,0,male, ,0,0,2676,7.225, ,C, , , 
1168,3,0,male, ,0,0,367655,7.7292, ,Q, , , 
1169,3,0,male, ,0,0,LP 1588,7.575, ,S, , , 
1170,3,0,male,38.5,0,0,SOTON/O.Q. 3101262,7.25, ,S, ,32, 
1171,3,0,male, ,8,2,CA. 2343,69.55, ,S, , , 
1172,3,0,male,14.5,8,2,CA. 2343,69.55, ,S, ,67, 
1173,3,0,female, ,8,2,CA. 2343,69.55, ,S, , , 
1174,3,0,female, ,8,2,CA. 2343,69.55, ,S, , , 
1175,3,0,female, ,8,2,CA. 2343,69.55, ,S, , , 
1176,3,0,female, ,8,2,CA. 2343,69.55, ,S, , , 
1177,3,0,male, ,8,2,CA. 2343,69.55, ,S, , , 
1178,3,0,male, ,8,2,CA. 2343,69.55, ,S, , , 
1179,3,0,male, ,8,2,CA. 2343,69.55, ,S, , , 
1180,3,0,male, ,1,9,CA. 2343,69.55, ,S, , , 
1181,3,0,female, ,1,9,CA. 2343,69.55, ,S, , , 
1182,3,0,male,24,0,0,7266,9.325, ,S, , , 
1183,3,1,female,21,0,0,343120,7.65, ,S,C, , 
1184,3,0,male,39,0,0,3101296,7.925, ,S, , , 
1185,3,0,male, ,2,0,2662,21.6792, ,C, , , 
1186,3,0,male, ,2,0,2662,21.6792, ,C, , , 
1187,3,0,male, ,2,0,2662,21.6792, ,C, , , 
1188,3,1,female,1,1,1,PP 9549,16.7,G6,S,13, , 
1189,3,1,female,24,0,2,PP 9549,16.7,G6,S,13, , 
1190,3,1,female,4,1,1,PP 9549,16.7,G6,S,13, , 
1191,3,1,male,25,0,0,345768,9.5, ,S,11, , 
1192,3,0,male,20,0,0,A/5. 2151,8.05, ,S, , , 
1193,3,0,male,24.5,0,0,342826,8.05, ,S, ,284, 
1194,3,0,male, ,0,0,36209,7.725, ,Q, , , 
1195,3,0,male, ,0,0,349222,7.8958, ,S, , , 
1196,3,0,male, ,0,0,370374,7.75, ,Q, , , 
1197,3,1,male,29,0,0,345779,9.5, ,S,11, , 
1198,3,0,male, ,0,0,C.A. 6212,15.1, ,S, , , 
1199,3,1,female, ,0,0,330968,7.7792, ,Q, , , 
1200,3,0,male, ,0,0,374910,8.05, ,S, , , 
1201,3,0,male, ,0,0,SOTON/OQ 392082,8.05, ,S, , , 
1202,3,0,male,22,0,0,2669,7.2292, ,C, , , 
1203,3,0,male, ,0,0,392092,8.05, ,S, , , 
1204,3,0,male,40,0,0,349251,7.8958, ,S, , , 
1205,3,0,male,21,0,0,STON/O 2. 3101280,7.925, ,S, , , 
1206,3,1,female,18,0,0,3101265,7.4958, ,S,16, , 
1207,3,0,male,4,3,2,347088,27.9, ,S, , , 
1208,3,0,male,10,3,2,347088,27.9, ,S, , , 
1209,3,0,female,9,3,2,347088,27.9, ,S, , , 
1210,3,0,female,2,3,2,347088,27.9, ,S, , , 
1211,3,0,male,40,1,4,347088,27.9, ,S, , , 
1212,3,0,female,45,1,4,347088,27.9, ,S, , , 
1213,3,0,male, ,0,0,349214,7.8958, ,S, , , 
1214,3,0,male, ,0,0,SOTON/OQ 392086,8.05, ,S, , , 
1215,3,0,male, ,0,0,315037,8.6625, ,S, , , 
1216,3,0,male, ,0,0,384461,7.75, ,Q, , , 
1217,3,1,female, ,0,0,335432,7.7333, ,Q,13, , 
1218,3,0,male,19,0,0,348124,7.65,F G73,S, , , 
1219,3,0,male,30,0,0,A.5. 18509,8.05, ,S, , , 
1220,3,0,male, ,0,0,A.5. 3236,8.05, ,S, , , 
1221,3,0,male,32,0,0,STON/OQ. 369943,8.05, ,S, , , 
1222,3,0,male, ,0,0,349208,7.8958, ,S, , , 
1223,3,0,male,33,0,0,349239,8.6625, ,C, , , 
1224,3,1,female,23,0,0,CA. 2314,7.55, ,S,C, , 
1225,3,0,male,21,0,0,A/4 45380,8.05, ,S, , , 
1226,3,0,male,60.5,0,0,3701, , ,S, ,261, 
1227,3,0,male,19,0,0,349205,7.8958, ,S, , , 
1228,3,0,female,22,0,0,7553,9.8375, ,S, , , 
1229,3,1,male,31,0,0,STON/O 2. 3101288,7.925, ,S,9, , 
1230,3,0,male,27,0,0,315083,8.6625, ,S, , , 
1231,3,0,female,2,0,1,347054,10.4625,G6,S, , , 
1232,3,0,female,29,1,1,347054,10.4625,G6,S, , , 
1233,3,1,male,16,0,0,SOTON/OQ 392089,8.05, ,S,B, , 
1234,3,1,male,44,0,0,STON/O 2. 3101269,7.925, ,S,15, , 
1235,3,0,male,25,0,0,SOTON/OQ 392076,7.05, ,S, , , 
1236,3,0,male,74,0,0,347060,7.775, ,S, , , 
1237,3,1,male,14,0,0,7538,9.225, ,S,13, , 
1238,3,0,male,24,0,0,350035,7.7958, ,S, , , 
1239,3,1,male,25,0,0,350033,7.7958, ,S,13 15, , 
1240,3,0,male,34,0,0,363294,8.05, ,S, ,176, 
1241,3,1,male,0.4167,0,1,2625,8.5167, ,C,16, , 
1242,3,0,male, ,1,0,2621,6.4375, ,C, , , 
1243,3,0,male, ,0,0,2681,6.4375, ,C, , , 
1244,3,0,male, ,0,0,2684,7.225, ,C, , , 
1245,3,1,female,16,1,1,2625,8.5167, ,C,14, , 
1246,3,0,male, ,0,0,32302,8.05, ,S, , , 
1247,3,0,male, ,1,0,376564,16.1, ,S, , , 
1248,3,1,female, ,1,0,376564,16.1, ,S,10, , 
1249,3,0,male,32,0,0,STON/O 2. 3101293,7.925, ,S, , , 
1250,3,0,male, ,0,0,383121,7.75,F38,Q, , , 
1251,3,0,male, ,0,0,349216,7.8958, ,S, , , 
1252,3,0,male,30.5,0,0,364499,8.05, ,S, ,50, 
1253,3,0,male,44,0,0,364511,8.05, ,S, , , 
1254,3,0,male, ,0,0,2673,7.2292, ,C, , , 
1255,3,1,male,25,0,0,LINE,0, ,S,15, , 
1256,3,0,male, ,0,0,2641,7.2292, ,C, , , 
1257,3,1,male,7,1,1,2650,15.2458, ,C,C, , 
1258,3,1,female,9,1,1,2650,15.2458, ,C,C, , 
1259,3,1,female,29,0,2,2650,15.2458, ,C,C, , 
1260,3,0,male,36,0,0,349247,7.8958, ,S, , , 
1261,3,1,female,18,0,0,4138,9.8417, ,S,15, , 
1262,3,1,female,63,0,0,4134,9.5875, ,S,15, , 
1263,3,0,male, ,1,1,A/5. 851,14.5, ,S, , , 
1264,3,0,male,11.5,1,1,A/5. 851,14.5, ,S, ,1, 
1265,3,0,male,40.5,0,2,A/5. 851,14.5, ,S, ,255, 
1266,3,0,female,10,0,2,345773,24.15, ,S, , , 
1267,3,0,male,36,1,1,345773,24.15, ,S, , , 
1268,3,0,female,30,1,1,345773,24.15, ,S, , , 
1269,3,0,male, ,0,0,345777,9.5, ,S, , , 
1270,3,0,male,33,0,0,345780,9.5, ,S, , , 
1271,3,0,male,28,0,0,345770,9.5, ,S, , , 
1272,3,0,male,28,0,0,345783,9.5, ,S, , , 
1273,3,0,male,47,0,0,345765,9, ,S, , , 
1274,3,0,female,18,2,0,345764,18, ,S, , , 
1275,3,0,male,31,3,0,345763,18, ,S, , , 
1276,3,0,male,16,2,0,345764,18, ,S, , , 
1277,3,0,female,31,1,0,345763,18, ,S, , , 
1278,3,1,male,22,0,0,2658,7.225, ,C,13 15, , 
1279,3,0,male,20,0,0,350416,7.8542, ,S, , , 
1280,3,0,female,14,0,0,350406,7.8542, ,S, , , 
1281,3,0,male,22,0,0,349252,7.8958, ,S, , , 
1282,3,0,male,22,0,0,345767,9, ,S, , ,"Antwerp, Belgium / Stanton, OH"
1283,3,0,male, ,0,0,359309,8.05, ,S, , , 
1284,3,0,male, ,0,0,C.A. 49867,7.55, ,S, , , 
1285,3,0,male, ,0,0,SOTON/OQ 3101316,8.05, ,S, , , 
1286,3,0,male,32.5,0,0,345775,9.5, ,S, ,298, 
1287,3,1,female,38,0,0,2688,7.2292, ,C,C, , 
1288,3,0,male,51,0,0,347064,7.75, ,S, , , 
1289,3,0,male,18,1,0,3101267,6.4958, ,S, ,314, 
1290,3,0,male,21,1,0,3101266,6.4958, ,S, , , 
1291,3,1,female,47,1,0,363272,7, ,S, , , 
1292,3,0,male, ,0,0,3410,8.7125, ,S, , , 
1293,3,0,male, ,0,0,S.O./P.P. 751,7.55, ,S, , , 
1294,3,0,male, ,0,0,A/5 2466,8.05, ,S, , , 
1295,3,0,male,28.5,0,0,54636,16.1, ,S, ,14, 
1296,3,0,male,21,0,0,SOTON/OQ 3101317,7.25, ,S, , , 
1297,3,0,male,27,0,0,315154,8.6625, ,S, ,131, 
1298,3,0,male, ,0,0,A/4. 34244,7.25, ,S, , , 
1299,3,0,male,36,0,0,345771,9.5, ,S, , , 
1300,3,0,male,27,1,0,2659,14.4542, ,C,C, , 
1301,3,1,female,15,1,0,2659,14.4542, ,C, , , 
1302,3,0,male,45.5,0,0,2628,7.225, ,C, ,312, 
1303,3,0,male, ,0,0,2647,7.225, ,C, , , 
1304,3,0,male, ,0,0,2627,14.4583, ,C, , , 
1305,3,0,female,14.5,1,0,2665,14.4542, ,C, ,328, 
1306,3,0,female, ,1,0,2665,14.4542, ,C, , , 
1307,3,0,male,26.5,0,0,2656,7.225, ,C, ,304, 
1308,3,0,male,27,0,0,2670,7.225, ,C, , , 
1309,3,0,male,29,0,0,315082,7.875, ,S, , , 
